config,desi_full,full_mean,full_sig,desi_conn,conn_mean,conn_sig,valid
1,3.81986673e-02,3.18455080e-02,7.55430840e-03,-1.38834009e-02,-1.95271847e-02,7.24388045e-03,1
2,4.00237208e-02,3.53322919e-02,2.55814422e-03,-1.77686509e-03,-5.77460657e-03,2.04087655e-03,1
3,3.05309684e-02,2.48312612e-02,2.12047691e-03,-9.88135310e-04,-6.00984297e-03,1.83430470e-03,1
4,3.08258185e-02,2.62830865e-02,2.26777207e-03,3.22250414e-03,-7.95405171e-04,1.90329785e-03,1
5,2.95517865e-02,2.60250501e-02,2.31759887e-03,5.86426149e-03,2.70917097e-03,2.00965183e-03,1
6,2.29600219e-02,1.81845547e-02,2.28434422e-03,1.72240046e-03,-2.39075527e-03,2.05455603e-03,1
7,2.11215555e-02,1.81434239e-02,1.65020373e-03,3.79972337e-03,1.33072638e-03,1.46049109e-03,1
8,1.42162291e-02,1.14963197e-02,1.61936506e-03,-7.02139231e-03,-9.07899028e-03,1.59005361e-03,1
9,1.42492340e-02,1.29115313e-02,1.38076967e-03,-3.07259817e-03,-3.90116619e-03,1.19330522e-03,1
10,1.12169510e-02,1.00541755e-02,1.23867320e-03,-2.18909176e-03,-2.99590944e-03,1.10860153e-03,1
11,1.22300547e-02,1.18084573e-02,9.88949493e-04,3.61223777e-04,3.56375599e-04,9.23578492e-04,1
12,1.29634860e-02,1.20718720e-02,1.08043489e-03,2.63186702e-03,2.21779360e-03,1.05465515e-03,1
13,2.85625772e-02,2.63207109e-02,2.18155658e-03,1.23597655e-03,-4.09544983e-04,1.89701228e-03,1
14,2.58257856e-02,2.27342609e-02,1.55618477e-03,2.41497422e-03,-2.33382487e-04,1.23825699e-03,1
15,1.57041432e-02,1.26211312e-02,1.59253751e-03,-1.34097521e-03,-3.84333053e-03,1.50450536e-03,1
16,1.21729663e-02,9.58421268e-03,1.04761385e-03,-9.56362775e-04,-3.11763652e-03,8.14708240e-04,1
17,1.22782986e-02,1.03303123e-02,8.33828848e-04,6.86181369e-04,-7.73533640e-04,7.64348936e-04,1
18,9.75738944e-03,8.24502230e-03,8.26584731e-04,5.43849648e-04,-6.94214375e-04,7.36765896e-04,1
19,8.99091173e-03,8.61099189e-03,7.45119580e-04,1.31458387e-03,1.26975847e-03,6.56905742e-04,1
20,2.36113617e-02,2.26066629e-02,1.51029698e-03,1.79730053e-03,1.14628600e-03,1.29842972e-03,1
21,2.57036842e-02,2.29579367e-02,1.39833174e-03,5.42683496e-03,3.09556303e-03,1.09616531e-03,1
22,1.19740144e-02,1.05811658e-02,1.06093413e-03,4.41435430e-04,-6.13416931e-04,8.25973021e-04,1
23,1.11460514e-02,9.96809745e-03,8.42395050e-04,1.15068438e-03,3.71518018e-04,7.45824920e-04,1
24,1.02953280e-02,8.14073411e-03,1.03886876e-03,2.67853841e-03,7.08763937e-04,9.44473422e-04,1
25,5.46329303e-03,3.99404086e-03,1.78846105e-03,-4.02696045e-03,-5.29343158e-03,1.76450549e-03,1
26,6.49552533e-03,5.59447922e-03,8.44086279e-04,-1.45751622e-03,-2.09498996e-03,8.26773958e-04,1
27,5.56977141e-03,4.30925223e-03,7.76406189e-04,-8.46058212e-04,-1.78221369e-03,7.42545460e-04,1
28,1.75188242e-02,1.50167796e-02,1.47141643e-03,2.07045591e-03,5.95844035e-05,1.29865713e-03,1
29,1.12359356e-02,1.04627219e-02,1.02225543e-03,-2.96643364e-04,-7.31860788e-04,7.95797836e-04,1
30,1.08123888e-02,8.94523534e-03,7.90011177e-04,8.17021790e-04,-6.51344093e-04,7.22177666e-04,1
31,4.84932488e-03,4.82729799e-03,1.01623932e-03,-2.76746474e-03,-2.60467219e-03,8.53895759e-04,1
32,4.85762555e-03,3.79135077e-03,5.77426860e-04,-1.22195214e-03,-2.04261615e-03,5.11072728e-04,1
33,4.44423885e-03,4.12926242e-03,7.39518439e-04,-9.81269155e-05,-1.06701233e-04,6.63595918e-04,1
34,9.99281222e-03,8.94768126e-03,8.88446466e-04,7.10969731e-04,3.09711426e-05,7.10739765e-04,1
35,5.94775161e-03,5.57228131e-03,1.02717579e-03,-9.55513473e-04,-1.17981955e-03,8.72511312e-04,1
36,6.10735699e-03,4.22605208e-03,6.16820112e-04,7.41303831e-04,-9.28045520e-04,5.07427194e-04,1
37,4.82067534e-03,4.11944881e-03,9.21383120e-04,9.91834114e-04,5.63354470e-04,8.83678200e-04,1
38,3.21633424e-03,8.44415707e-04,1.14816179e-03,-1.66228345e-03,-3.64904695e-03,1.26918672e-03,1
39,1.04665629e-02,1.02128782e-02,7.70810354e-04,1.09802823e-03,1.25662623e-03,7.14953464e-04,1
40,7.81932321e-03,7.46782427e-03,8.37646360e-04,8.29365937e-04,6.76181574e-04,8.09466132e-04,1
41,5.23789118e-03,4.62657688e-03,4.13997508e-04,-2.14854160e-04,-5.67062548e-04,4.20650933e-04,1
42,1.71489631e-03,2.00459530e-03,8.28040714e-04,-2.20063711e-03,-1.59104087e-03,7.58539706e-04,1
43,2.67723494e-03,2.34147934e-03,7.22726821e-04,-8.71499697e-04,-9.25375616e-04,6.38954206e-04,1
44,2.35755525e-02,1.99750683e-02,2.25501464e-03,4.41454831e-04,-2.64433934e-03,1.88288160e-03,1
45,1.03578531e-02,8.46790503e-03,1.76487326e-03,-2.49476237e-03,-3.88570839e-03,1.68918616e-03,1
46,5.10898359e-03,5.12317933e-03,8.99289052e-04,-3.82784251e-03,-3.46782158e-03,1.02697531e-03,1
47,7.44229186e-03,5.11664873e-03,7.70709421e-04,4.26776832e-05,-1.87634891e-03,6.76260934e-04,1
48,2.35121045e-02,2.09944540e-02,1.87721899e-03,1.97475699e-03,-1.17687096e-04,1.60911166e-03,1
49,1.14435003e-02,9.61178370e-03,1.22389368e-03,1.87635019e-04,-1.23456322e-03,1.03598533e-03,1
50,5.32964177e-03,5.25436335e-03,7.24648950e-04,-2.01043416e-03,-1.82937105e-03,6.02341990e-04,1
51,4.82600767e-03,4.15034494e-03,6.51350864e-04,-9.76856333e-04,-1.33538620e-03,6.00686519e-04,1
52,6.22106335e-03,6.03449928e-03,8.81294648e-04,-4.92180231e-04,-4.08907645e-04,8.65175983e-04,1
53,5.80692277e-03,4.97755811e-03,5.33081266e-04,6.30891117e-04,1.32154456e-04,5.18723464e-04,1
54,2.11938898e-02,1.99312173e-02,1.32855644e-03,1.25329251e-03,3.26342656e-04,1.16628068e-03,1
55,8.80478196e-03,7.88387048e-03,9.12247941e-04,-8.54333119e-04,-1.45520994e-03,8.04246992e-04,1
56,4.77319127e-03,4.35784674e-03,7.73588542e-04,-9.70134488e-04,-1.21862117e-03,6.84504492e-04,1
57,5.40581234e-03,4.32359547e-03,8.67363386e-04,1.19969852e-03,3.45130826e-04,8.80979348e-04,1
58,8.36615389e-03,8.21129106e-03,7.30932143e-04,-6.66128841e-04,-4.87461877e-04,5.93974826e-04,1
59,5.70291925e-03,4.90451398e-03,7.27930431e-04,5.86425843e-04,-3.16264400e-05,7.62389182e-04,1
60,5.27244320e-03,4.24977061e-03,6.49834779e-04,1.69316172e-03,9.11633454e-04,6.36654637e-04,1
61,1.88112320e-02,1.90742876e-02,9.96675502e-04,1.24299419e-04,7.50067913e-04,8.53060213e-04,1
62,8.87598360e-03,7.60595471e-03,9.47534993e-04,4.70533208e-04,-4.52470740e-04,8.94755480e-04,1
63,8.02618226e-03,7.73389529e-03,1.12635058e-03,-1.63293282e-03,-1.60518513e-03,9.63229915e-04,1
64,2.28847848e-03,3.38977861e-03,9.80346379e-04,-3.45484728e-03,-2.18668929e-03,9.33543772e-04,1
65,2.08474926e-03,1.72377292e-03,5.49966292e-04,-2.12136457e-03,-2.25469172e-03,4.28973384e-04,1
66,1.02350069e-02,8.65451143e-03,7.64182529e-04,1.20272412e-03,-4.42415061e-05,6.90252874e-04,1
67,4.43326232e-03,4.37674095e-03,6.67244544e-04,-6.83231090e-04,-5.59399467e-04,5.48114877e-04,1
68,2.52883492e-03,2.37124746e-03,5.49527351e-04,-1.05044656e-03,-9.66889698e-04,4.40764740e-04,1
69,7.81670330e-03,6.52907853e-03,9.08748103e-04,1.19015190e-03,1.25213442e-04,8.02947135e-04,1
70,4.81082217e-03,4.27951624e-03,6.77661259e-04,-2.78517303e-04,-5.26345583e-04,6.69010222e-04,1
71,2.11663330e-02,2.00648860e-02,1.30063149e-03,1.93926025e-03,1.13988070e-03,1.05240039e-03,1
72,8.88090148e-03,8.67293488e-03,8.88287861e-04,-6.46890664e-05,1.37237778e-05,7.34761897e-04,1
73,3.50970914e-03,3.91205342e-03,5.53798495e-04,-1.52009208e-03,-9.84545172e-04,4.38877584e-04,1
74,2.09691871e-03,2.00722677e-03,6.05064638e-04,-1.39567058e-03,-1.29136856e-03,5.52394473e-04,1
75,2.10585666e-02,1.99376698e-02,1.01858288e-03,2.45832619e-03,1.65299193e-03,7.79555984e-04,1
76,8.04651377e-03,7.32111468e-03,6.57377070e-04,-2.72244433e-04,-6.97768939e-04,5.67754785e-04,1
77,3.34968701e-03,3.37748253e-03,4.73060276e-04,-1.05328187e-03,-8.78788571e-04,3.52727994e-04,1
78,2.42545836e-03,2.34391390e-03,5.20759927e-04,-4.40298593e-04,-3.14353944e-04,4.56707821e-04,1
79,2.88191345e-03,2.52461408e-03,4.25370254e-04,-3.30569249e-04,-4.84741871e-04,3.90337145e-04,1
80,6.94167646e-03,7.36235409e-03,7.23454969e-04,-1.09697515e-03,-3.67290159e-04,6.08567957e-04,1
81,3.56059315e-03,3.41435949e-03,5.51590778e-04,-5.62269130e-04,-5.52672241e-04,4.66939784e-04,1
82,2.10991267e-03,2.18468203e-03,6.27041962e-04,-4.75737680e-04,-1.84346440e-04,6.04863803e-04,1
83,8.32120828e-03,8.15645438e-03,7.08200842e-04,-8.42421072e-05,9.80289273e-05,6.87749974e-04,1
84,3.85151615e-03,3.04510913e-03,7.08243853e-04,-6.38144910e-04,-1.25070380e-03,6.93683855e-04,1
85,1.46346596e-03,1.30675963e-03,8.23515816e-04,-1.48898318e-03,-1.39105004e-03,7.40025929e-04,1
86,5.16804976e-03,5.02831790e-03,5.95857558e-04,4.18355138e-04,4.20958688e-04,5.62438625e-04,1
87,3.37684704e-03,3.19372345e-03,5.66153807e-04,1.64364337e-04,1.84367503e-04,5.28234199e-04,1
88,8.48597641e-03,8.22834064e-03,6.13245903e-04,4.47324804e-04,4.98696399e-04,5.40984000e-04,1
89,4.18782253e-03,3.74890612e-03,6.07961600e-04,6.49602479e-05,-2.18125612e-04,5.67283091e-04,1
90,1.75638566e-03,1.66141762e-03,5.67716514e-04,-8.29264696e-04,-7.07610843e-04,5.31987320e-04,1
91,2.16397656e-03,1.64835965e-03,5.15218101e-04,-2.77680485e-04,-5.81050583e-04,4.68908758e-04,1
92,2.04654758e-02,1.94512495e-02,1.28507269e-03,1.95192749e-03,1.20611354e-03,1.24356477e-03,1
93,6.54396657e-03,7.57807674e-03,1.01850410e-03,-1.68809945e-03,-4.01265050e-04,9.98269230e-04,1
94,2.77773453e-03,3.04533939e-03,1.03672955e-03,-1.53854217e-03,-1.17138989e-03,1.04638329e-03,1
95,6.22346621e-04,1.10457994e-03,9.18652324e-04,-2.15671814e-03,-1.51414608e-03,9.03859082e-04,1
96,1.97591608e-02,1.87789244e-02,9.13641936e-04,1.52571917e-03,8.23027815e-04,8.07117341e-04,1
97,8.79701418e-03,8.12900262e-03,5.74484613e-04,8.45054754e-04,4.38900207e-04,5.49119789e-04,1
98,3.19992959e-03,3.77289135e-03,5.14164449e-04,-8.36240508e-04,-1.54598546e-04,4.84565616e-04,1
99,1.81190903e-03,1.74466413e-03,3.84781955e-04,-6.87049142e-04,-5.84822501e-04,4.16988406e-04,1
100,2.01094606e-02,1.94113540e-02,8.17158219e-04,2.15612556e-03,1.74469674e-03,6.46641299e-04,1
101,7.32087212e-03,7.40948507e-03,7.44028938e-04,-3.50980709e-04,8.62203188e-06,6.93906408e-04,1
102,2.60843520e-03,2.93602541e-03,7.82249618e-04,-1.14762830e-03,-7.02225115e-04,7.45728196e-04,1
103,1.54745348e-03,1.43901691e-03,5.94100039e-04,-6.71398093e-04,-6.01230354e-04,5.34745871e-04,1
104,7.38374764e-03,7.40222227e-03,8.22262783e-04,-2.88105189e-04,1.35923132e-06,7.11677461e-04,1
105,3.06367088e-03,3.18614815e-03,6.87416987e-04,-6.92392622e-04,-4.52102374e-04,6.52989233e-04,1
106,9.03247614e-04,1.26827521e-03,7.81609566e-04,-1.31560396e-03,-7.71972045e-04,7.46739125e-04,1
107,4.08433324e-03,4.34412311e-03,7.81705083e-04,1.92156455e-04,5.56251442e-04,7.90700415e-04,1
108,2.79745883e-03,2.38044055e-03,4.82448266e-04,4.42493972e-04,1.90572143e-04,4.56421705e-04,1
109,7.94152130e-03,7.95061241e-03,6.29574528e-04,4.13661778e-04,6.89367604e-04,5.52161127e-04,1
110,3.54672830e-03,3.70535271e-03,5.69937731e-04,-6.53418924e-05,2.06720423e-04,5.24226171e-04,1
111,1.70536381e-03,1.71212222e-03,5.07615521e-04,-3.69494456e-04,-1.88506808e-04,4.84806752e-04,1
112,1.97701608e-02,1.91631783e-02,1.33208035e-03,2.10481236e-03,1.77575755e-03,1.35223044e-03,1
113,7.58306283e-03,7.67165470e-03,7.57706239e-04,1.99196621e-04,5.50028119e-04,7.21933575e-04,1
114,3.06305538e-03,3.01451348e-03,6.05567152e-04,-4.05021499e-04,-3.44500578e-04,6.14772778e-04,1
115,2.42120056e-04,1.24880907e-03,7.99389233e-04,-1.68874490e-03,-5.12201724e-04,7.92035742e-04,1
116,6.44061555e-03,5.91384829e-03,2.31653359e-03,-2.21949687e-03,-2.32891684e-03,2.39038428e-03,1
117,6.27783223e-03,4.78697204e-03,1.38683890e-03,-7.85530008e-04,-1.94852659e-03,1.27979256e-03,1
118,8.23513974e-03,5.67487639e-03,1.31735119e-03,1.79860985e-03,-4.20294754e-04,1.32775878e-03,1
119,3.25117254e-03,3.66912854e-03,1.09526021e-03,-2.21543953e-03,-1.55910359e-03,1.07189618e-03,1
120,4.81184119e-03,3.90138625e-03,6.33511869e-04,-2.79385356e-05,-6.86518395e-04,6.01666396e-04,1
121,3.67868161e-03,3.36345120e-03,5.67357871e-04,-5.34265766e-04,-5.84125962e-04,5.60687490e-04,1
122,1.42005310e-03,2.26148613e-03,1.33126773e-03,-2.44980880e-03,-1.45947950e-03,1.27723082e-03,1
123,3.12891456e-03,2.26854632e-03,6.27617621e-04,-1.14114982e-04,-8.12091827e-04,6.89572322e-04,1
124,2.90786057e-03,2.29032997e-03,7.15257802e-04,2.91663369e-04,-1.49980694e-04,6.94357470e-04,1
125,2.69143794e-03,2.50376076e-03,1.08379926e-03,7.02073092e-04,7.03777585e-04,1.06546063e-03,1
126,8.27102765e-04,2.41208342e-03,1.52897386e-03,-3.04275913e-03,-1.30888221e-03,1.44101186e-03,1
127,1.62690622e-03,2.08989664e-03,7.41444947e-04,-1.61612333e-03,-9.90741507e-04,6.67781842e-04,1
128,1.01197864e-03,1.43695994e-03,5.80703775e-04,-1.60421856e-03,-1.00335072e-03,5.19294197e-04,1
129,7.58056750e-03,5.99965392e-03,1.95065143e-03,1.23072979e-03,-5.59753990e-05,1.89147159e-03,1
130,4.70441016e-03,3.92942781e-03,9.16304525e-04,-4.86773753e-05,-6.18935004e-04,8.43617054e-04,1
131,3.49646804e-03,2.79883424e-03,8.18330505e-04,-6.29787148e-04,-1.10920109e-03,8.34783772e-04,1
132,1.39544125e-03,2.21566241e-03,8.59049510e-04,-1.76089611e-03,-8.25433907e-04,8.07128004e-04,1
133,8.31832281e-04,1.49685477e-03,6.07759296e-04,-1.69767273e-03,-9.03914065e-04,5.24159112e-04,1
134,6.85733986e-04,1.10707249e-03,7.12692806e-04,-1.21693868e-03,-6.53368859e-04,6.71296431e-04,1
135,5.33434988e-03,4.79941145e-03,6.96783899e-04,8.61368945e-04,5.40288009e-04,6.18565889e-04,1
136,4.11884355e-03,3.49494016e-03,4.93837447e-04,2.72694958e-04,-1.23855802e-04,4.56110735e-04,1
137,2.83507374e-03,2.61072739e-03,6.31267185e-04,-4.11570299e-05,-1.41129548e-04,5.84749452e-04,1
138,1.72257819e-03,1.62799422e-03,4.89460930e-04,-5.26820227e-04,-4.83535233e-04,4.50318257e-04,1
139,6.60845958e-04,1.05744755e-03,5.02720447e-04,-9.61720114e-04,-4.13754424e-04,4.83120462e-04,1
140,6.55769121e-04,1.13682438e-03,1.12030426e-03,-1.33359573e-03,-6.63158799e-04,1.09509901e-03,1
141,2.78665424e-03,2.68912538e-03,5.76455996e-04,-8.95765239e-05,-6.27315575e-05,5.03101132e-04,1
142,2.00557982e-03,1.65034478e-03,5.48170300e-04,-2.43818601e-04,-4.61184681e-04,5.08678042e-04,1
143,1.21689239e-03,1.08491980e-03,6.70795322e-04,-4.05673686e-04,-3.86282172e-04,6.21061706e-04,1
144,3.85281179e-03,3.86080596e-03,5.68346091e-04,1.50656503e-04,3.81628237e-04,5.70135509e-04,1
145,2.95282606e-03,3.19161011e-03,5.06510124e-04,2.20588606e-04,5.79371399e-04,4.68719027e-04,1
146,2.47588971e-03,2.17033961e-03,4.97394637e-04,3.70484603e-04,1.98428386e-04,4.54761636e-04,1
147,1.19071591e-03,1.02942303e-03,4.84313922e-04,-2.87856852e-04,-3.02160711e-04,4.70019397e-04,1
148,2.64087054e-03,3.65934368e-03,1.69596274e-03,-1.39869247e-03,-2.09149821e-04,1.65396604e-03,1
149,9.41620798e-04,1.79989528e-03,1.20002708e-03,-1.50119203e-03,-5.61331724e-04,1.18654021e-03,1
150,-1.22380740e-03,1.07278241e-03,7.54063936e-04,-3.03978788e-03,-6.48117110e-04,7.02143323e-04,1
151,3.23809963e-03,3.64074698e-03,7.41038959e-04,-5.21356774e-04,6.14928569e-05,6.56036504e-04,1
152,1.05557607e-03,1.67471299e-03,6.13467329e-04,-1.10713017e-03,-3.97274636e-04,5.61185904e-04,1
153,2.00935259e-04,8.61886379e-04,3.84228556e-04,-1.33493863e-03,-5.69773763e-04,3.70620787e-04,1
154,2.39972013e-03,2.88655994e-03,8.76418739e-04,-1.07962968e-03,-4.03454809e-04,8.26967362e-04,1
155,4.83051786e-04,1.16988012e-03,6.55331643e-04,-1.39954785e-03,-6.12868130e-04,6.33225828e-04,1
156,2.32662075e-04,5.34360622e-04,5.51837323e-04,-1.02310522e-03,-6.08060144e-04,5.14728959e-04,1
157,8.64810641e-04,1.25883493e-03,7.04928893e-04,-1.01778900e-03,-5.23913317e-04,6.80283661e-04,1
158,5.57326438e-04,8.39736615e-04,7.66824185e-04,-6.98440854e-04,-3.02684150e-04,7.44680007e-04,1
159,3.29788143e-03,4.13441224e-03,7.72938163e-04,-3.17581674e-04,6.94776347e-04,7.64134484e-04,1
160,1.81852145e-03,2.40952663e-03,6.36416525e-04,-2.00191478e-04,4.77157231e-04,6.07726613e-04,1
161,1.21368639e-03,1.17324389e-03,4.40867276e-04,-1.78194188e-04,-1.18798022e-04,4.24721065e-04,1
162,4.04228136e-03,3.50373833e-03,6.03952845e-04,7.06924853e-04,3.53341809e-04,5.68292592e-04,1
163,9.81365235e-04,1.57261774e-03,5.21891988e-04,-7.57241094e-04,-7.05122762e-05,4.84586253e-04,1
164,6.59462303e-04,6.54750882e-04,4.46018862e-04,-4.52311680e-04,-3.48051653e-04,4.26698370e-04,1
165,1.98229261e-03,3.04847334e-03,9.28951677e-04,-1.20907059e-03,3.76950473e-05,8.80381022e-04,1
166,1.30638489e-03,1.34418368e-03,6.33773011e-04,-2.88228133e-04,-1.59328104e-04,6.33566365e-04,1
167,6.02767046e-04,8.29811703e-04,7.02451670e-04,-3.65013628e-04,-3.33726020e-05,6.72189433e-04,1
168,-1.86333236e-03,1.54210733e-03,2.14667598e-03,-3.59262066e-03,-1.39250359e-04,2.14688836e-03,1
169,-3.86181083e-04,1.03072853e-03,9.76305855e-04,-1.83536279e-03,-3.61389780e-04,9.41824921e-04,1
170,-7.00397797e-04,5.47500552e-04,6.66802702e-04,-1.86947290e-03,-5.55378383e-04,6.45113440e-04,1
171,-9.62817473e-04,1.54590673e-04,9.30016194e-04,-1.85178598e-03,-6.59048885e-04,8.97979867e-04,1
172,-2.17790607e-04,7.78773065e-04,9.49385052e-04,-1.10675912e-03,-3.48664928e-05,9.32678785e-04,1
173,1.42522451e-03,1.43653553e-03,8.89545207e-04,1.20036120e-04,1.84035446e-04,8.90899319e-04,1
174,-1.21815864e-04,6.85361476e-04,6.73412630e-04,-1.14689766e-03,-2.77899228e-04,6.49273653e-04,1
175,1.54379770e-04,2.58434439e-04,4.21533870e-04,-5.90595432e-04,-4.15586889e-04,4.01981306e-04,1
176,5.94063995e-04,4.67481889e-04,8.41451654e-04,-2.87024494e-04,-3.56160585e-04,8.25375418e-04,1
177,1.06966242e-04,2.56943023e-04,7.42059292e-04,-4.94015652e-04,-2.77460074e-04,7.34437553e-04,1
178,-6.58621578e-04,4.17143446e-04,1.61833368e-03,-1.11561016e-03,2.23585787e-05,1.62260357e-03,1
