config,desi,mock_mean,mock_sigma,valid
1,-2.19095380e-03,-1.77262781e-03,7.66099954e-04,1
2,-1.38901663e-03,-1.19100023e-03,3.66886184e-04,1
3,-7.83994866e-04,-7.79872606e-04,3.77113090e-04,1
4,3.19946887e-04,-3.16399063e-05,3.11047348e-04,1
5,1.31462752e-03,1.04773805e-03,2.08010029e-04,1
6,1.27397699e-03,1.65143487e-03,3.92365877e-04,1
7,1.51900394e-03,1.74182346e-03,5.55765923e-04,1
8,nan,nan,0.00000000e+00,0
9,nan,nan,0.00000000e+00,0
10,nan,nan,0.00000000e+00,0
11,-9.07184717e-04,-1.10935419e-03,2.85032231e-04,1
12,-8.03860556e-04,-7.30755207e-04,2.82554716e-04,1
13,-1.63904693e-04,-2.93394754e-04,1.77789036e-04,1
14,5.71586250e-04,1.30650344e-04,2.55381555e-04,1
15,8.46223932e-04,5.26981858e-04,2.30838142e-04,1
16,9.27734671e-04,1.00703685e-03,2.07612857e-04,1
17,1.14788880e-03,1.21549097e-03,4.19901597e-04,1
18,nan,nan,0.00000000e+00,0
19,nan,nan,0.00000000e+00,0
20,-9.11797968e-04,-5.71379702e-04,3.00927119e-04,1
21,-6.22387687e-05,-4.18474255e-04,2.01387572e-04,1
22,8.06464561e-05,-1.78474726e-04,1.93309254e-04,1
23,7.67391005e-05,-3.27211164e-05,2.12006856e-04,1
24,3.58471722e-04,2.89183986e-04,1.49560324e-04,1
25,6.05583112e-04,7.88928836e-04,1.85107347e-04,1
26,6.52263762e-04,9.02486554e-04,3.51046746e-04,1
27,nan,nan,0.00000000e+00,0
28,1.32448065e-04,-3.74711997e-04,2.67844658e-04,1
29,2.61467161e-04,-2.11848428e-04,1.97393073e-04,1
30,-1.34320441e-04,-2.12014617e-04,1.98060423e-04,1
31,2.03732576e-05,-7.73178325e-05,1.99977655e-04,1
32,2.93635991e-04,2.48382210e-04,1.52075856e-04,1
33,6.82974790e-04,5.35382535e-04,1.17061879e-04,1
34,7.08473789e-04,5.95126249e-04,3.93243378e-04,1
35,1.85947719e-04,-1.79244687e-04,2.94973222e-04,1
36,-1.56613336e-05,-2.00341896e-04,2.04825329e-04,1
37,1.42110943e-04,-1.82836864e-04,1.95662815e-04,1
38,2.19010292e-04,2.18943450e-05,1.80370793e-04,1
39,4.41040830e-04,1.87165816e-04,1.37742550e-04,1
40,5.82615322e-04,4.17131466e-04,1.79108082e-04,1
41,-5.03876003e-05,-2.85104594e-04,2.03978618e-04,1
42,-8.27527563e-05,-2.52842405e-04,1.95804910e-04,1
43,-1.73842114e-04,-1.19583036e-04,1.38774128e-04,1
44,-2.24222289e-05,2.80640238e-05,1.60832852e-04,1
45,3.44987084e-04,2.30942548e-04,1.11897753e-04,1
46,6.45276891e-05,-2.85538781e-04,2.25504125e-04,1
47,-1.58452797e-04,-2.53971954e-04,1.88245206e-04,1
48,-1.07235277e-04,-1.00625758e-04,1.19112753e-04,1
49,7.62176797e-05,2.75683989e-05,1.18811504e-04,1
50,-8.47437970e-05,-2.02808032e-04,1.95976371e-04,1
51,-1.64245388e-04,-1.85700489e-04,1.19467096e-04,1
52,-1.09608972e-04,-8.94597710e-05,1.67921582e-04,1
53,-2.03568355e-04,-2.40052714e-04,1.83936194e-04,1
54,-2.89514082e-04,-1.67565979e-04,1.09449388e-04,1
55,-2.12373404e-04,-2.02321111e-04,1.56014033e-04,1
56,-8.80388979e-04,-7.74112533e-04,4.80709630e-04,1
57,-7.23511393e-04,-6.17938628e-04,3.10750332e-04,1
58,-1.23119765e-04,-3.10488485e-04,2.60358622e-04,1
59,3.43233829e-04,-8.34401224e-05,3.58746675e-04,1
60,2.40678857e-04,4.71354319e-05,3.13260976e-04,1
61,3.84229300e-04,3.39162190e-04,2.62454179e-04,1
62,5.99795611e-04,7.39608304e-04,2.73818376e-04,1
63,5.93895676e-04,6.47302127e-04,4.72763625e-04,1
64,nan,nan,0.00000000e+00,0
65,-3.96846100e-04,-4.05674672e-04,3.17155527e-04,1
66,-1.95940593e-04,-2.24159841e-04,1.69283661e-04,1
67,1.34215951e-04,-1.61130503e-04,2.28021489e-04,1
68,1.00077533e-04,-1.77507670e-04,1.97940861e-04,1
69,2.71958600e-05,1.14271042e-05,1.64602307e-04,1
70,9.69261987e-05,3.02606675e-04,1.91273345e-04,1
71,3.60926442e-04,4.90583455e-04,2.00235111e-04,1
72,7.26504639e-04,4.96412408e-04,4.30473145e-04,1
73,2.74538579e-04,-9.78358775e-05,2.51430185e-04,1
74,2.64896596e-04,-1.50925341e-04,1.78235525e-04,1
75,1.50154788e-04,-1.47184931e-04,1.69520352e-04,1
76,2.66645638e-05,-1.42263054e-04,1.98993093e-04,1
77,-1.76563792e-04,3.85676078e-05,1.75517269e-04,1
78,2.51195344e-04,1.83734058e-04,1.63550485e-04,1
79,2.67749784e-04,3.31050604e-04,1.93149784e-04,1
80,4.45546498e-04,-8.94942965e-05,2.19850772e-04,1
81,2.25610560e-04,-2.07915612e-04,1.77516664e-04,1
82,6.02429524e-05,-1.25070130e-04,1.50123790e-04,1
83,-5.68329180e-05,-5.34326045e-05,1.74282210e-04,1
84,-5.65777307e-05,2.32280435e-05,1.50586223e-04,1
85,1.94771070e-04,1.14867206e-04,1.39676992e-04,1
86,1.70358739e-04,-2.18763315e-04,1.89201938e-04,1
87,3.58118327e-05,-1.85908548e-04,1.80930692e-04,1
88,-1.12335388e-04,-1.15875991e-04,1.28290614e-04,1
89,-2.56736185e-05,-3.13494838e-05,1.39048563e-04,1
90,1.87869968e-04,7.85089750e-05,1.29677861e-04,1
91,-1.19835998e-04,-1.88335879e-04,2.15260312e-04,1
92,-1.06880989e-04,-1.69743926e-04,1.37148404e-04,1
93,-1.15408144e-04,-1.11013756e-04,1.36761837e-04,1
94,5.48641644e-05,-7.19555183e-06,1.04639707e-04,1
95,-1.24110662e-04,-1.70773472e-04,1.16650611e-04,1
96,-1.05733326e-04,-1.02204830e-04,1.01186361e-04,1
97,-1.31274177e-04,-7.30301775e-05,1.17938495e-04,1
98,1.93394506e-05,-8.14325980e-05,1.41468164e-04,1
99,-1.62330459e-04,-6.61610657e-05,1.40594883e-04,1
100,-1.07015422e-04,-8.05377133e-05,1.20660701e-04,1
101,-4.79043197e-04,-3.23279501e-04,3.07302421e-04,1
102,-1.43829201e-04,-2.17984021e-04,2.33410932e-04,1
103,1.71843318e-04,-9.47622470e-05,2.77229422e-04,1
104,2.42458373e-04,-1.69264124e-04,1.99116546e-04,1
105,1.36859550e-05,-7.12879738e-05,2.23520943e-04,1
106,-3.00764611e-05,1.35400915e-04,1.62938516e-04,1
107,7.35690493e-05,2.72659138e-04,1.92805363e-04,1
108,2.77426036e-04,3.95894024e-04,2.34137640e-04,1
109,-1.89125661e-04,-6.97111250e-05,2.28343267e-04,1
110,2.06464706e-04,-7.42913213e-05,1.65545588e-04,1
111,4.49512522e-05,-1.03325787e-04,1.87634931e-04,1
112,1.70026422e-04,-1.16354271e-04,1.59861989e-04,1
113,4.08557466e-05,-4.03949354e-05,1.93885590e-04,1
114,1.28250205e-04,3.92457080e-05,1.50186187e-04,1
115,1.77631638e-04,1.63300583e-04,1.36292493e-04,1
116,3.79997624e-04,-6.29326796e-05,2.36285817e-04,1
117,2.35760982e-04,-8.28320309e-05,1.72173841e-04,1
118,2.20938451e-04,-8.58550022e-05,1.32441879e-04,1
119,1.50491750e-04,-5.38558741e-05,1.42507109e-04,1
120,2.36623790e-04,-2.27774549e-05,1.21155120e-04,1
121,1.25395342e-04,7.81587557e-06,1.62523695e-04,1
122,2.39115376e-04,-1.49591586e-04,1.52213245e-04,1
123,8.05112530e-05,-1.50350173e-04,1.45697392e-04,1
124,-1.16792584e-04,-8.22498691e-05,1.10938722e-04,1
125,2.97626267e-05,-7.20599936e-05,1.16171665e-04,1
126,2.10262716e-04,2.17321855e-05,1.17422186e-04,1
127,-5.69421470e-06,-1.53325842e-04,1.41083042e-04,1
128,-9.60405728e-05,-1.40004786e-04,1.12485204e-04,1
129,-1.85573331e-04,-1.13732151e-04,1.22557851e-04,1
130,-7.14439831e-05,-6.64032330e-05,1.20095724e-04,1
131,-2.05784287e-04,-1.16980586e-04,1.75572552e-04,1
132,-2.15153146e-04,-1.23355176e-04,1.19458231e-04,1
133,-3.01221076e-04,-7.59167911e-05,1.07483225e-04,1
134,-3.68406839e-04,-7.09465715e-05,1.63584519e-04,1
135,-2.91365104e-04,-9.87130288e-05,1.21621447e-04,1
136,-3.63126211e-04,-7.11503479e-05,1.33653802e-04,1
137,3.78257551e-06,6.95904437e-05,3.16657402e-04,1
138,2.08604113e-04,5.17066125e-05,2.15855239e-04,1
139,2.69790391e-04,-2.24847226e-05,2.08148612e-04,1
140,1.51972926e-04,-8.87680347e-05,2.22005915e-04,1
141,1.16172071e-04,-5.03948782e-05,1.74555615e-04,1
142,2.62921981e-04,-8.61730724e-05,1.76459825e-04,1
143,7.02073483e-05,4.44293144e-05,1.45132580e-04,1
144,2.31163772e-04,4.51982122e-05,2.38625329e-04,1
145,3.58451920e-04,3.79278222e-06,1.37274366e-04,1
146,3.32902947e-04,-3.58028397e-05,1.33404074e-04,1
147,2.58404774e-04,-4.07402921e-05,1.48875428e-04,1
148,5.55489400e-05,-4.66613127e-05,1.02919667e-04,1
149,8.07283884e-05,-1.74826073e-05,1.29703547e-04,1
150,4.58809170e-04,-5.89197231e-05,1.80741187e-04,1
151,1.73222950e-04,-1.23810638e-04,1.24636140e-04,1
152,-4.12621611e-06,-7.01299997e-05,1.11950524e-04,1
153,-8.76339929e-05,-7.16254473e-05,8.64174933e-05,1
154,8.33249022e-05,5.48607724e-06,1.04292545e-04,1
155,1.85400068e-04,-1.40729594e-04,1.65750769e-04,1
156,-7.08318722e-05,-1.15191848e-04,1.24587809e-04,1
157,-1.42274993e-04,-5.17013218e-05,1.04557071e-04,1
158,-1.23071004e-04,-3.68782011e-05,1.14395115e-04,1
159,-7.16607614e-05,-7.79633988e-05,2.05536280e-04,1
160,-1.79995486e-04,-3.15703344e-05,1.28981104e-04,1
161,-1.62521591e-04,-4.13501508e-05,9.83474824e-05,1
162,-1.51576404e-04,-9.15134792e-05,2.00753714e-04,1
163,-1.30344878e-04,-5.97088179e-05,1.42182173e-04,1
164,-1.48103463e-04,-4.38727718e-05,1.38987613e-04,1
165,3.04346059e-04,3.15682298e-05,3.24295976e-04,1
166,3.00371485e-04,-2.27796901e-05,1.91638940e-04,1
167,4.71882283e-04,-4.90255510e-05,1.35743689e-04,1
168,5.42576543e-04,-2.70527961e-05,1.50768577e-04,1
169,2.61309691e-04,-8.09964591e-06,1.13689353e-04,1
170,1.33983537e-04,-3.59914694e-06,1.86272156e-04,1
171,3.36570195e-04,-5.09478933e-05,2.26956768e-04,1
172,2.28260875e-04,-6.13587389e-05,1.30118724e-04,1
173,2.35277164e-04,-2.85674223e-05,1.43285134e-04,1
174,1.02753067e-04,-8.12312421e-06,9.92006998e-05,1
175,9.96070988e-05,2.37154317e-05,1.49827087e-04,1
176,2.01445051e-04,-8.41603205e-05,1.74678050e-04,1
177,1.44554036e-04,-5.31600541e-05,1.16931941e-04,1
178,4.37158576e-05,-4.98168406e-05,8.86937449e-05,1
179,-4.17770881e-05,1.80981569e-05,9.46559486e-05,1
180,-5.25139289e-05,-3.16420195e-07,1.41221763e-04,1
181,-7.71437539e-06,-4.47056504e-05,1.06991389e-04,1
182,5.49679255e-05,1.11647977e-05,1.08759106e-04,1
183,-1.40765081e-04,-2.09587218e-05,1.55215558e-04,1
184,4.86664151e-06,-1.49300323e-05,1.04415059e-04,1
185,-5.33541526e-05,-1.46595651e-05,1.13489645e-04,1
186,1.24673487e-04,-9.14754330e-05,3.08052497e-04,1
187,2.71751778e-04,-1.22201148e-04,1.78456736e-04,1
188,2.24136829e-04,-3.95118970e-05,1.54132701e-04,1
189,8.27712802e-05,-1.27483374e-05,1.17037058e-04,1
190,1.79046417e-04,3.52268072e-05,1.26795718e-04,1
191,2.10541516e-04,-8.09459567e-05,1.89976401e-04,1
192,2.69856921e-05,-3.59592967e-05,1.52204881e-04,1
193,8.09936613e-05,-3.43930470e-05,1.06498313e-04,1
194,9.69135300e-05,-4.35965266e-05,1.05327817e-04,1
195,-2.35572097e-04,-6.11255779e-05,1.69083831e-04,1
196,-1.07510912e-04,-2.41242715e-05,1.01353036e-04,1
197,-4.46429186e-05,-2.21955201e-05,1.12064468e-04,1
198,5.43969148e-05,2.11060412e-05,1.19352357e-04,1
199,-1.07092191e-04,-5.87560061e-06,9.37174070e-05,1
200,-5.19839898e-05,-2.78624363e-05,1.34952198e-04,1
201,2.31545883e-04,-6.77908548e-05,2.24508560e-04,1
202,4.74345064e-05,-5.58753407e-05,1.65438410e-04,1
203,8.13572395e-05,-7.37636511e-05,1.35567292e-04,1
204,7.47308478e-05,-7.04482778e-05,1.04918251e-04,1
205,-9.95651215e-05,-3.02815880e-05,1.52937465e-04,1
206,-6.42774050e-05,-4.53198347e-05,9.95108635e-05,1
207,5.11938359e-05,-4.53739307e-05,9.73087441e-05,1
208,1.06597228e-04,-7.03596608e-06,1.25869829e-04,1
209,1.60475857e-05,-7.09791483e-06,1.00788826e-04,1
210,-1.68387541e-05,-1.94420367e-05,1.11446879e-04,1
211,-3.10819549e-04,-3.38208841e-05,1.40856774e-04,1
212,-9.68040182e-05,-3.72040063e-05,1.36705611e-04,1
213,-1.27440301e-05,-6.43407430e-06,1.26836159e-04,1
214,-6.78825216e-05,2.44336481e-05,1.63962080e-04,1
215,1.01625645e-05,3.92988225e-05,1.08167643e-04,1
216,1.88558690e-05,3.44610035e-05,1.25916255e-04,1
217,-1.49562335e-04,3.78458022e-05,1.58638403e-04,1
218,3.93596311e-05,4.53304976e-05,1.09981892e-04,1
219,-6.31497661e-06,2.83732814e-05,1.32713486e-04,1
220,1.22202548e-04,7.29132086e-05,1.76053851e-04,1
