zbin,config,desi,mock_mean,mock_sigma,valid
1,1,3.94701120e-02,3.11736336e-02,5.69094195e-03,1
1,2,4.23106730e-02,3.46611642e-02,3.09832473e-03,1
1,3,3.52009798e-02,3.16392916e-02,3.47483965e-03,1
1,4,1.05559918e-02,1.95377912e-02,1.48687301e-02,1
1,5,3.15257470e-02,2.45259208e-02,2.46442423e-03,1
1,6,3.18630283e-02,2.61593747e-02,2.23770901e-03,1
1,7,2.13793007e-02,1.79574432e-02,2.36298849e-03,1
1,8,3.06753442e-02,2.58876786e-02,1.95723792e-03,1
1,9,2.52719918e-02,2.15183441e-02,1.83721610e-03,1
1,10,2.80486265e-02,2.09485444e-02,2.59061479e-03,1
1,11,2.15637167e-02,1.74789072e-02,2.64182676e-03,1
1,12,2.15651427e-02,1.79996206e-02,1.88995116e-03,1
1,13,1.72031846e-02,1.32114118e-02,2.08850384e-03,1
1,14,1.82842736e-02,1.61947104e-02,1.74035247e-03,1
1,15,1.50537463e-02,1.29543412e-02,1.99428982e-03,1
1,16,1.03378442e-02,1.24978455e-02,3.53383408e-03,1
1,17,1.60924816e-02,1.33996759e-02,2.65520482e-03,1
1,18,1.48241969e-02,1.02868804e-02,3.74343925e-03,1
1,19,-1.92212683e-03,1.09126986e-02,1.20598044e-02,1
1,20,3.80594557e+00,nan,0.00000000e+00,0
1,21,1.39525217e-02,1.13190199e-02,2.56673611e-03,1
1,22,1.44856508e-02,1.28293268e-02,1.59542879e-03,1
1,23,1.37732658e-02,1.30215177e-02,1.58278111e-03,1
1,24,1.17730500e-02,9.73973973e-03,1.57534425e-03,1
1,25,1.27701407e-02,1.15943004e-02,1.14445821e-03,1
1,26,1.35680613e-02,1.19344986e-02,9.34013089e-04,1
1,27,4.49297598e-02,3.70579932e-02,4.51546787e-03,1
1,28,3.06239219e-02,2.62171888e-02,2.17988357e-03,1
1,29,2.67412200e-02,2.26422538e-02,1.53970262e-03,1
1,30,2.54392809e-02,2.17403382e-02,2.24600182e-03,1
1,31,1.42076279e-02,1.25834291e-02,1.54551316e-03,1
1,32,1.12667617e-02,9.45326158e-03,1.16421542e-03,1
1,33,1.17085477e-02,1.00069422e-02,1.25818279e-03,1
1,34,9.82466028e-03,8.22026220e-03,1.10754003e-03,1
1,35,9.36647987e-03,8.51827358e-03,9.06240622e-04,1
1,36,7.96157787e-03,8.16150945e-03,1.36547920e-03,1
1,37,2.89913987e-02,2.92680317e-02,6.06927980e-03,1
1,38,2.74422079e-02,2.36270324e-02,2.01033045e-03,1
1,39,2.48131573e-02,2.24382215e-02,1.54745039e-03,1
1,40,2.60752512e-02,2.27850876e-02,1.54248657e-03,1
1,41,1.53184817e-02,1.39238246e-02,1.77394983e-03,1
1,42,1.22452902e-02,1.04687541e-02,1.23182774e-03,1
1,43,1.09229819e-02,9.86696866e-03,9.07716455e-04,1
1,44,1.01882671e-02,7.96748897e-03,1.17269476e-03,1
1,45,9.35843841e-03,7.52366091e-03,8.55687385e-04,1
1,46,6.11236595e-03,6.81268056e-03,1.52554905e-03,1
1,47,-3.05782003e+00,nan,0.00000000e+00,0
1,48,1.10541932e-02,1.46943140e-02,6.27467616e-03,1
1,49,1.80099759e-02,1.66698590e-02,1.79779604e-03,1
1,50,2.09286089e-02,1.83582714e-02,1.54826773e-03,1
1,51,1.34786275e-02,9.16654348e-03,3.04741679e-03,1
1,52,1.00749315e-02,8.66312729e-03,1.60300284e-03,1
1,53,9.96066448e-03,8.50640479e-03,1.19902599e-03,1
1,54,1.00563576e-02,6.29984119e-03,1.48899937e-03,1
1,55,8.51662185e-03,5.74411862e-03,1.31660785e-03,1
1,56,4.38110547e-03,4.27083735e-03,4.58522164e-03,1
1,57,4.91712136e-03,3.62464318e-03,1.79462110e-03,1
1,58,6.22364505e-03,5.25411980e-03,8.94377584e-04,1
1,59,5.03604221e-03,4.10202558e-03,9.39390509e-04,1
1,60,1.81151112e-02,1.50840423e-02,1.72325059e-03,1
1,61,1.13987044e-02,1.02334589e-02,1.11129634e-03,1
1,62,9.98424348e-03,8.80889612e-03,8.84257556e-04,1
1,63,4.29893488e-03,4.50135879e-03,1.14032512e-03,1
1,64,4.56260154e-03,3.61960958e-03,8.42081856e-04,1
1,65,4.21672960e-03,3.89743821e-03,8.19373972e-04,1
1,66,7.82834847e-02,3.85510250e-02,1.51221382e-01,1
1,67,1.63122827e-02,2.01420676e-02,4.53263654e-03,1
1,68,1.87966518e-02,1.94367890e-02,2.21361736e-03,1
1,69,2.42721048e-02,2.27139335e-02,1.43602408e-03,1
1,70,1.45541826e-02,1.31737798e-02,2.08529923e-03,1
1,71,1.03275386e-02,9.85595782e-03,1.19430705e-03,1
1,72,9.85623882e-03,8.85521666e-03,8.73887294e-04,1
1,73,5.93554027e-03,5.36011360e-03,1.24102145e-03,1
1,74,5.48537296e-03,4.12167217e-03,7.44066299e-04,1
1,75,4.67972708e-03,3.96732871e-03,1.04573572e-03,1
1,76,nan,nan,0.00000000e+00,0
1,77,nan,nan,0.00000000e+00,0
1,78,7.54632184e-03,9.63675344e-03,1.13941063e-02,1
1,79,1.73041920e-02,1.51866765e-02,1.91037520e-03,1
1,80,5.18729895e-03,1.45322653e-03,1.77852183e-02,1
1,81,6.30448892e-03,6.68809904e-03,2.92195575e-03,1
1,82,6.90287662e-03,6.77210898e-03,1.29689963e-03,1
1,83,4.60693994e-03,3.75952180e-03,2.04652986e-03,1
1,84,4.96915164e-03,3.34677843e-03,8.34767925e-04,1
1,85,4.29208971e-03,2.88702754e-03,1.53406855e-03,1
1,86,2.55058071e-03,6.10766623e-04,1.69329082e-03,1
1,87,1.43243924e-02,1.11300855e-02,2.65478780e-03,1
1,88,1.12579463e-02,1.06577800e-02,1.36967234e-03,1
1,89,1.04830204e-02,1.00362379e-02,8.63779557e-04,1
1,90,7.66010015e-03,7.11373294e-03,1.16686575e-03,1
1,91,4.94712212e-03,4.37181262e-03,7.42726380e-04,1
1,92,1.34812727e-03,1.60979719e-03,9.39680912e-04,1
1,93,9.38777673e-03,5.71848998e-03,1.21745722e-02,1
1,94,8.55198299e-03,9.17967431e-03,1.48075216e-03,1
1,95,8.50059317e-03,8.69998648e-03,8.14949705e-04,1
1,96,6.77533336e-03,6.26718850e-03,1.24001527e-03,1
1,97,5.00153950e-03,4.36128536e-03,7.73151471e-04,1
1,98,2.81558495e-03,2.15822795e-03,9.26564967e-04,1
1,99,nan,nan,0.00000000e+00,0
1,100,nan,nan,0.00000000e+00,0
1,101,nan,nan,0.00000000e+00,0
1,102,5.35561674e-03,3.61868658e-02,1.56243640e-01,1
1,103,nan,nan,0.00000000e+00,0
1,104,7.68009540e-02,-1.48424878e-02,1.66901531e-01,1
1,105,7.24253896e-03,5.20655967e-03,3.89201088e-03,1
1,106,6.49257572e-03,4.57602452e-03,5.43952297e-03,1
1,107,3.41444150e-03,3.16283101e-03,1.80963529e-03,1
1,108,2.83824471e-03,1.90965862e-03,1.40347233e-03,1
1,109,2.43446952e-02,1.99661964e-02,2.59258175e-03,1
1,110,1.13275659e-02,7.88539181e-03,1.55490934e-03,1
1,111,4.23164836e-03,4.89455593e-03,1.50175474e-03,1
1,112,5.68787109e-03,5.00041936e-03,1.07191396e-03,1
1,113,2.48799400e-02,2.10776220e-02,1.80455252e-03,1
1,114,1.13902122e-02,9.70479662e-03,1.15320719e-03,1
1,115,4.87047824e-03,5.14152358e-03,7.26411876e-04,1
1,116,4.54749475e-03,4.04640768e-03,6.65306670e-04,1
1,117,1.94502622e-02,1.73631151e-02,2.04380052e-03,1
1,118,1.10231564e-02,9.02966801e-03,1.29951685e-03,1
1,119,5.91884769e-03,5.89302745e-03,9.54951862e-04,1
1,120,5.63932382e-03,4.94915322e-03,6.45331220e-04,1
1,121,2.12097456e-02,1.98648163e-02,1.24489396e-03,1
1,122,7.96194705e-03,7.73013887e-03,1.04168182e-03,1
1,123,4.55077515e-03,4.28651052e-03,8.67647745e-04,1
1,124,5.17085188e-03,4.12181182e-03,8.65830349e-04,1
1,125,2.08879980e-02,1.88283223e-02,1.26719111e-03,1
1,126,8.58251705e-03,7.88083786e-03,9.35696078e-04,1
1,127,5.65785866e-03,4.73814970e-03,8.00997069e-04,1
1,128,5.52112184e-03,4.18349777e-03,7.15830538e-04,1
1,129,1.98320164e-02,1.90193562e-02,1.14613215e-03,1
1,130,7.91147617e-03,7.37159738e-03,1.04815326e-03,1
1,131,5.31003678e-03,4.50057083e-03,8.67591771e-04,1
1,132,4.31960540e-03,3.79495390e-03,1.05336650e-03,1
1,133,7.01941151e-03,7.22147451e-03,1.05736649e-03,1
1,134,1.03823232e-03,3.34993377e-03,1.24604939e-03,1
1,135,1.95152330e-03,1.50895647e-03,7.29363464e-04,1
1,136,9.84235256e-03,8.43199851e-03,7.91090526e-04,1
1,137,3.46492377e-03,4.19585178e-03,7.24681154e-04,1
1,138,1.88929482e-03,2.17776479e-03,5.70987947e-04,1
1,139,2.36985615e-02,2.00365779e-02,2.26938941e-03,1
1,140,1.25282335e-02,1.09661512e-02,1.79251862e-03,1
1,141,7.27571236e-03,6.39795313e-03,9.35198038e-04,1
1,142,4.46614894e-03,4.02061145e-03,6.21136561e-04,1
1,143,2.22641295e-02,1.99832481e-02,1.38656278e-03,1
1,144,8.53244390e-03,8.56195432e-03,9.97105105e-04,1
1,145,3.42683382e-03,3.92471960e-03,6.33192267e-04,1
1,146,1.89047788e-03,1.84436144e-03,5.95398900e-04,1
1,147,2.12602139e-02,1.98565952e-02,1.04779254e-03,1
1,148,7.41698739e-03,7.30444915e-03,6.38395209e-04,1
1,149,2.64378433e-03,3.17683068e-03,4.29516976e-04,1
1,150,2.17016556e-03,2.12022658e-03,6.24653632e-04,1
1,151,1.68227640e-02,1.27695396e-02,6.06172377e-03,1
1,152,1.06533874e-02,8.15008943e-03,1.94402020e-03,1
1,153,6.95377397e-03,5.93704351e-03,9.14014334e-04,1
1,154,5.72315360e-03,4.36560352e-03,6.48241476e-04,1
1,155,1.65617564e-02,1.69861202e-02,1.26168846e-03,1
1,156,8.19714633e-03,7.90897344e-03,7.39653532e-04,1
1,157,4.32112903e-03,4.00948427e-03,5.92729735e-04,1
1,158,2.75174445e-03,2.33485448e-03,4.48185865e-04,1
1,159,1.99468443e-02,1.86743164e-02,9.60928056e-04,1
1,160,7.05907840e-03,7.22877181e-03,7.02745504e-04,1
1,161,3.38214626e-03,3.20496601e-03,6.12563043e-04,1
1,162,2.16511835e-03,2.05795178e-03,4.62038653e-04,1
1,163,8.39326341e-03,7.96970800e-03,7.13727298e-04,1
1,164,2.73239930e-03,2.79843957e-03,6.32337098e-04,1
1,165,1.52603195e-03,1.13500091e-03,8.90410037e-04,1
1,166,9.48128124e-03,8.64131461e-03,9.12161397e-04,1
1,167,5.03752396e-03,4.82165243e-03,6.33940993e-04,1
1,168,3.08236706e-03,2.94687307e-03,4.75853198e-04,1
1,169,8.88984723e-03,8.27112498e-03,5.04466663e-04,1
1,170,3.92980297e-03,3.60916212e-03,4.53357371e-04,1
1,171,1.64847008e-03,1.35934802e-03,6.82594194e-04,1
1,172,nan,nan,0.00000000e+00,0
1,173,1.10173770e-02,8.45338091e-03,2.33933059e-02,1
1,174,6.93266382e-04,5.57914761e-03,4.15094683e-03,1
1,175,6.85144679e-03,4.74664044e-03,1.47845582e-03,1
1,176,1.78905939e-02,1.22967542e-02,9.53304531e-03,1
1,177,9.36297495e-03,7.11959504e-03,1.95305340e-03,1
1,178,5.23147964e-03,4.53949371e-03,1.17169615e-03,1
1,179,3.83786648e-03,2.89540682e-03,6.00521245e-04,1
1,180,1.63756449e-02,1.61955227e-02,1.99593910e-03,1
1,181,7.73752853e-03,7.33783634e-03,8.43658929e-04,1
1,182,4.07528198e-03,3.65431155e-03,6.22821136e-04,1
1,183,2.26706161e-03,1.58660563e-03,5.78549581e-04,1
1,184,2.03792400e-02,1.90661890e-02,1.66404996e-03,1
1,185,5.78834235e-03,7.53822597e-03,1.34363372e-03,1
1,186,2.32378445e-03,3.19436876e-03,1.06600045e-03,1
1,187,7.57814958e-04,1.30080695e-03,1.02481843e-03,1
1,188,1.89896494e-02,1.87726919e-02,1.22362845e-03,1
1,189,7.90529205e-03,7.94614721e-03,7.63683938e-04,1
1,190,3.17123084e-03,3.64068775e-03,4.83244389e-04,1
1,191,1.34285303e-03,1.68369985e-03,4.59001772e-04,1
1,192,2.02057070e-02,1.93173360e-02,9.70808007e-04,1
1,193,6.95319942e-03,7.32890045e-03,9.33499890e-04,1
1,194,2.82817345e-03,2.84139275e-03,7.34542542e-04,1
1,195,5.04302555e-04,1.20642576e-03,5.67256967e-04,1
1,196,7.14950956e-03,7.29751658e-03,9.64771298e-04,1
1,197,2.87101886e-03,2.99156485e-03,6.92240265e-04,1
1,198,3.33875327e-04,1.30228104e-03,8.98617724e-04,1
1,199,1.51168388e-02,1.68911180e-02,2.32634815e-03,1
1,200,7.18818948e-03,7.91479222e-03,1.09339092e-03,1
1,201,4.84424189e-03,4.21851521e-03,6.95156146e-04,1
1,202,3.10860815e-03,2.23548486e-03,5.10432202e-04,1
1,203,1.95652095e-02,1.86875947e-02,1.07213022e-03,1
1,204,7.85171107e-03,7.89187978e-03,6.88937102e-04,1
1,205,3.66303014e-03,3.59763530e-03,4.35960471e-04,1
1,206,1.44364074e-03,1.53826090e-03,4.76879381e-04,1
1,207,1.97327673e-02,1.93043484e-02,1.36435543e-03,1
1,208,6.81688814e-03,7.57242731e-03,9.87388491e-04,1
1,209,3.23912554e-03,3.16125476e-03,7.98377971e-04,1
1,210,8.69405145e-04,1.15581932e-03,8.03382991e-04,1
1,211,1.13013551e-02,5.00023686e-03,2.76405044e-03,1
1,212,6.27327638e-03,4.83341927e-03,1.44602144e-03,1
1,213,7.92119316e-03,5.62323341e-03,1.11785097e-03,1
1,214,2.74051883e-03,3.57717585e-03,1.00932569e-03,1
1,215,4.47722808e-03,3.84212014e-03,7.55276554e-04,1
1,216,3.71522678e-03,3.18122938e-03,5.93428972e-04,1
1,217,1.61698873e-03,2.23100111e-03,1.48737735e-03,1
1,218,2.96010665e-03,2.10012728e-03,7.19977732e-04,1
1,219,3.18493699e-03,2.22955459e-03,7.55644010e-04,1
1,220,3.34699347e-03,2.49873884e-03,9.82932162e-04,1
1,221,6.07172238e-04,2.21271610e-03,1.43304374e-03,1
1,222,1.57299261e-03,1.79278682e-03,6.99870378e-04,1
1,223,1.51825023e-03,1.16661396e-03,5.86129720e-04,1
1,224,8.84723488e-03,6.67024925e-03,1.78420505e-03,1
1,225,4.13884534e-03,3.87260306e-03,1.11902930e-03,1
1,226,3.03094445e-03,2.79361380e-03,7.04827314e-04,1
1,227,7.68073135e-04,2.23627372e-03,1.06865223e-03,1
1,228,7.15023771e-04,1.38923165e-03,4.63354286e-04,1
1,229,9.51305753e-04,9.10855069e-04,6.96637325e-04,1
1,230,8.39680068e-03,6.03488615e-03,1.45329994e-03,1
1,231,5.92236463e-03,4.62679666e-03,8.52738845e-04,1
1,232,4.05152926e-03,3.38568766e-03,4.76777764e-04,1
1,233,2.71507012e-03,2.74588527e-03,5.83939084e-04,1
1,234,1.69800503e-03,1.56958374e-03,4.50279655e-04,1
1,235,6.92076532e-04,9.24722598e-04,5.02925359e-04,1
1,236,1.10989517e-03,9.11766623e-04,1.10335681e-03,1
1,237,2.51922610e-03,2.63537935e-03,7.09792331e-04,1
1,238,1.51688469e-03,1.37326290e-03,5.27592562e-04,1
1,239,1.52668809e-03,9.20293074e-04,6.51502474e-04,1
1,240,7.27282918e-03,6.01862927e-03,4.04001089e-03,1
1,241,4.59080698e-03,4.32888732e-03,1.26194423e-03,1
1,242,4.42047493e-03,4.01224719e-03,6.29469243e-04,1
1,243,3.47709322e-03,3.12338078e-03,5.96766342e-04,1
1,244,2.68756809e-03,2.09113839e-03,4.13050157e-04,1
1,245,1.46300896e-03,1.05603357e-03,6.14477494e-04,1
1,246,1.24942259e-03,3.25421871e-03,1.99467656e-03,1
1,247,5.89362147e-04,1.83308374e-03,1.02415306e-03,1
1,248,-1.08427232e-03,8.93671655e-04,6.67087707e-04,1
1,249,3.17161824e-03,3.54973378e-03,7.45107707e-04,1
1,250,9.58805515e-04,1.60674499e-03,6.95871251e-04,1
1,251,3.38172178e-04,8.95956554e-04,3.70273543e-04,1
1,252,2.33982266e-03,2.94422096e-03,7.12874284e-04,1
1,253,4.15695269e-04,1.31844043e-03,5.44885843e-04,1
1,254,-3.06899572e-04,4.72258597e-04,4.67098059e-04,1
1,255,-2.56262066e-05,1.13255508e-03,7.61708425e-04,1
1,256,3.80593104e-04,7.92693848e-04,5.54221370e-04,1
1,257,3.89061424e-03,4.04438762e-03,6.32803143e-04,1
1,258,2.65159059e-03,2.21067095e-03,4.94741220e-04,1
1,259,1.08372981e-03,1.10200289e-03,5.43689011e-04,1
1,260,3.62014477e-03,3.48892470e-03,6.07657054e-04,1
1,261,1.20808235e-03,1.49621671e-03,4.42684128e-04,1
1,262,6.19975189e-04,6.58878486e-04,3.99898193e-04,1
1,263,2.33320397e-03,3.22675109e-03,8.87046922e-04,1
1,264,7.46913323e-04,1.38856252e-03,7.86673901e-04,1
1,265,4.26521805e-04,4.98085613e-04,6.11716155e-04,1
1,266,-1.47453624e-03,1.36243032e-03,2.13720335e-03,1
1,267,5.49573007e-04,9.05487121e-04,1.32975154e-03,1
1,268,-9.94312054e-05,5.73936875e-04,7.97864848e-04,1
1,269,-8.47270601e-04,1.50517165e-04,1.17659762e-03,1
1,270,1.12693088e-03,7.59047226e-04,8.76172285e-04,1
1,271,1.73406991e-03,1.40621393e-03,8.02242465e-04,1
1,272,-4.44565304e-05,5.98055703e-04,6.20878231e-04,1
1,273,2.29462335e-04,2.29807857e-04,5.13984581e-04,1
1,274,9.76403422e-04,6.67781714e-04,9.30090823e-04,1
1,275,1.73706373e-04,2.75862944e-04,6.00853671e-04,1
1,276,-4.40975405e-04,3.31885192e-04,1.21923789e-03,1
2,1,3.62749750e-02,3.29389697e-02,1.44317773e-02,1
2,2,3.65636011e-02,3.64187584e-02,4.81280234e-03,1
2,3,4.08153769e-02,3.31297490e-02,6.70819792e-03,1
2,4,2.70392044e-02,1.10194853e-02,3.96326717e-02,1
2,5,2.90261732e-02,2.53242658e-02,3.72796776e-03,1
2,6,2.92578104e-02,2.64864474e-02,3.69404591e-03,1
2,7,2.06505756e-02,1.96723088e-02,4.97078669e-03,1
2,8,2.78539917e-02,2.62480968e-02,4.16888324e-03,1
2,9,2.33988789e-02,2.14407192e-02,3.38089762e-03,1
2,10,1.97567240e-02,2.13028278e-02,5.47829605e-03,1
2,11,2.50705168e-02,1.93182944e-02,3.37109960e-03,1
2,12,2.04513571e-02,1.83788458e-02,2.67451237e-03,1
2,13,1.58828594e-02,1.52027835e-02,2.62069792e-03,1
2,14,1.77028068e-02,1.68623275e-02,2.80307131e-03,1
2,15,1.32259450e-02,1.32467162e-02,3.87534972e-03,1
2,16,5.65920573e-03,1.09379275e-02,1.06380236e-02,1
2,17,1.57478340e-02,1.43374757e-02,4.97646130e-03,1
2,18,7.15777062e-03,1.25112600e-02,7.66358610e-03,1
2,19,-5.90378198e-03,7.88907106e-03,2.76848906e-02,1
2,20,-1.11717917e+01,nan,0.00000000e+00,0
2,21,1.46148361e-02,1.17819630e-02,3.99956440e-03,1
2,22,1.38919092e-02,1.30458014e-02,3.17713612e-03,1
2,23,1.45397396e-02,1.34520628e-02,3.70843840e-03,1
2,24,1.03764976e-02,1.05587531e-02,2.24436587e-03,1
2,25,1.14154371e-02,1.21567174e-02,1.87731077e-03,1
2,26,1.20529229e-02,1.22977192e-02,2.27410518e-03,1
2,27,3.54962409e-02,3.69759110e-02,5.68631120e-03,1
2,28,2.54464166e-02,2.64905515e-02,3.97050382e-03,1
2,29,2.44413859e-02,2.28838545e-02,2.50109538e-03,1
2,30,2.28483465e-02,2.27242791e-02,2.37093466e-03,1
2,31,1.79644787e-02,1.26847468e-02,3.05057732e-03,1
2,32,1.35420362e-02,9.79837144e-03,1.88377989e-03,1
2,33,1.31373673e-02,1.08526113e-02,1.98469941e-03,1
2,34,9.65579416e-03,8.28877188e-03,2.01424142e-03,1
2,35,8.42470577e-03,8.76236672e-03,1.18225865e-03,1
2,36,7.59655602e-03,8.25693590e-03,2.29193755e-03,1
2,37,3.21783376e-02,2.79525580e-02,1.23965017e-02,1
2,38,2.43333949e-02,2.34808041e-02,2.99930591e-03,1
2,39,2.17953562e-02,2.28787877e-02,2.05588754e-03,1
2,40,2.51432379e-02,2.32394477e-02,1.98509966e-03,1
2,41,1.59487107e-02,1.37510437e-02,2.19277832e-03,1
2,42,1.15645178e-02,1.07652573e-02,1.89157897e-03,1
2,43,1.14822787e-02,1.01327343e-02,1.50547540e-03,1
2,44,1.04569237e-02,8.42031568e-03,2.00488644e-03,1
2,45,9.81164862e-03,7.90771511e-03,1.82858832e-03,1
2,46,6.79923382e-03,7.07153348e-03,3.37887163e-03,1
2,47,-inf,nan,0.00000000e+00,0
2,48,2.06403727e-03,2.30874896e-02,1.60051598e-02,1
2,49,9.29934373e-03,1.69670412e-02,3.68304582e-03,1
2,50,1.68820175e-02,1.79591155e-02,2.47157425e-03,1
2,51,8.47946343e-03,1.22045515e-02,6.04760997e-03,1
2,52,7.99105634e-03,8.86974824e-03,1.92835405e-03,1
2,53,7.72860731e-03,8.71723452e-03,2.01776754e-03,1
2,54,7.33469690e-03,6.44258313e-03,3.32650867e-03,1
2,55,5.68625730e-03,6.15840822e-03,2.55009890e-03,1
2,56,1.11658321e-02,3.20656514e-03,9.36885239e-03,1
2,57,6.28826003e-03,4.59516124e-03,3.52219259e-03,1
2,58,6.90566979e-03,6.14349467e-03,2.04424257e-03,1
2,59,6.37389079e-03,4.64459770e-03,1.62749264e-03,1
2,60,1.66179520e-02,1.49122174e-02,2.40829507e-03,1
2,61,1.09901368e-02,1.08335895e-02,1.61990467e-03,1
2,62,1.20614675e-02,9.16659580e-03,1.43873614e-03,1
2,63,5.68017107e-03,5.35215599e-03,2.02364826e-03,1
2,64,5.30248914e-03,4.07057256e-03,1.23975913e-03,1
2,65,4.78687243e-03,4.50456031e-03,1.41156318e-03,1
2,66,3.65051452e-01,nan,0.00000000e+00,0
2,67,1.87995353e-02,2.24484227e-02,9.66650700e-03,1
2,68,1.82872881e-02,1.99018611e-02,3.91531401e-03,1
2,69,2.28001149e-02,2.36793522e-02,2.44433830e-03,1
2,70,1.17474160e-02,1.28758478e-02,3.65022488e-03,1
2,71,8.94296521e-03,1.04796419e-02,2.01781831e-03,1
2,72,1.01986963e-02,9.09904690e-03,1.71350586e-03,1
2,73,5.96617711e-03,5.91523303e-03,2.08428127e-03,1
2,74,7.04456582e-03,4.39758137e-03,1.57601524e-03,1
2,75,5.03277628e-03,4.36767331e-03,1.69459351e-03,1
2,76,nan,nan,0.00000000e+00,0
2,77,nan,nan,0.00000000e+00,0
2,78,-2.31660958e-02,2.08337648e-02,2.92712922e-02,1
2,79,1.95545232e-02,1.50736860e-02,4.45530155e-03,1
2,80,1.77234754e-02,1.16733139e-02,4.82881875e-02,1
2,81,2.03585603e-03,7.98594462e-03,5.95722909e-03,1
2,82,6.41756832e-03,7.68715840e-03,2.80215276e-03,1
2,83,-2.16306206e-03,4.43526615e-03,4.26588670e-03,1
2,84,2.51965443e-03,3.51185360e-03,2.13959886e-03,1
2,85,5.88937436e-03,1.44304228e-03,3.23186424e-03,1
2,86,4.21810820e-03,1.23144788e-03,2.47694274e-03,1
2,87,9.97123752e-03,1.39278469e-02,4.43051010e-03,1
2,88,1.03062217e-02,1.11260910e-02,1.94174794e-03,1
2,89,1.04417808e-02,1.05002641e-02,1.46826131e-03,1
2,90,8.05933916e-03,8.03773663e-03,1.48697408e-03,1
2,91,5.67580893e-03,5.03867630e-03,9.80586487e-04,1
2,92,2.26655987e-03,2.63789891e-03,1.84069892e-03,1
2,93,1.06964578e-02,1.29090241e-02,3.26885817e-02,1
2,94,8.18981636e-03,9.26775443e-03,3.09731204e-03,1
2,95,9.39577624e-03,9.07812440e-03,1.96472549e-03,1
2,96,6.06578872e-03,5.85217952e-03,2.10094313e-03,1
2,97,6.00508065e-03,4.79502459e-03,1.52900154e-03,1
2,98,2.46929555e-03,2.63532583e-03,1.56890868e-03,1
2,99,nan,nan,0.00000000e+00,0
2,100,nan,nan,0.00000000e+00,0
2,101,nan,nan,0.00000000e+00,0
2,102,2.99921201e-01,nan,0.00000000e+00,0
2,103,nan,nan,0.00000000e+00,0
2,104,2.82316576e-01,2.19902026e-01,5.34744031e-01,1
2,105,9.17090555e-03,9.69214794e-03,1.11001458e-02,1
2,106,-3.74536301e-03,6.02509270e-03,1.87590796e-02,1
2,107,1.95818330e-03,4.13789685e-03,3.71237082e-03,1
2,108,-7.89162400e-04,1.94724259e-03,3.38583861e-03,1
2,109,2.24126929e-02,1.99870552e-02,3.74134481e-03,1
2,110,8.89391135e-03,9.40676729e-03,3.58940596e-03,1
2,111,6.43339315e-03,5.49143695e-03,1.72432052e-03,1
2,112,1.00864456e-02,5.30579399e-03,1.87547281e-03,1
2,113,2.14457059e-02,2.08618603e-02,2.73670215e-03,1
2,114,1.15239295e-02,9.46731422e-03,1.82955868e-03,1
2,115,6.02243403e-03,5.43591229e-03,1.76378704e-03,1
2,116,5.24584661e-03,4.31685525e-03,1.34984006e-03,1
2,117,1.64136098e-02,1.71217562e-02,3.00478502e-03,1
2,118,1.04291692e-02,9.54272343e-03,1.70474409e-03,1
2,119,6.67632430e-03,6.26355530e-03,1.86400842e-03,1
2,120,6.05906150e-03,5.02646984e-03,1.18758708e-03,1
2,121,2.11699340e-02,2.00372972e-02,2.29126034e-03,1
2,122,1.00768739e-02,8.13171614e-03,1.65045005e-03,1
2,123,5.10886123e-03,4.47068237e-03,1.52321702e-03,1
2,124,5.75990314e-03,4.64688313e-03,1.65826286e-03,1
2,125,1.92345533e-02,1.91171732e-02,1.87425996e-03,1
2,126,8.04014714e-03,8.74088348e-03,1.30406952e-03,1
2,127,5.77078688e-03,5.17133877e-03,1.10966350e-03,1
2,128,4.89845835e-03,4.35771381e-03,1.35359139e-03,1
2,129,1.72743730e-02,1.91610099e-02,1.81015859e-03,1
2,130,1.03263078e-02,7.97984951e-03,1.56692570e-03,1
2,131,5.24697032e-03,5.25664548e-03,1.35293357e-03,1
2,132,3.35019743e-03,3.78192191e-03,2.43122504e-03,1
2,133,9.54530813e-03,8.55697024e-03,1.87657104e-03,1
2,134,4.17415393e-03,3.45504441e-03,1.60349599e-03,1
2,135,2.28549898e-03,2.07051654e-03,1.32368073e-03,1
2,136,1.08266205e-02,9.01406300e-03,1.32562212e-03,1
2,137,5.89222437e-03,4.66743579e-03,1.36906856e-03,1
2,138,3.49139180e-03,2.68078440e-03,1.28067394e-03,1
2,139,1.73600193e-02,2.04609998e-02,3.77425361e-03,1
2,140,1.12665601e-02,1.06548179e-02,1.92268531e-03,1
2,141,8.63292036e-03,6.74324789e-03,1.71864325e-03,1
2,142,5.33038150e-03,4.69530014e-03,1.51566311e-03,1
2,143,1.95083825e-02,2.01952212e-02,2.14717999e-03,1
2,144,9.40655292e-03,8.85400837e-03,1.27692314e-03,1
2,145,3.63473661e-03,3.89206684e-03,1.27235281e-03,1
2,146,2.40795079e-03,2.26868787e-03,1.18159785e-03,1
2,147,2.07543499e-02,2.00670085e-02,1.79802543e-03,1
2,148,8.99532149e-03,7.34816555e-03,1.26182183e-03,1
2,149,4.41318874e-03,3.70014326e-03,1.24659450e-03,1
2,150,2.80954560e-03,2.70182149e-03,1.00377586e-03,1
2,151,2.57825480e-02,2.05314204e-02,1.71501858e-02,1
2,152,4.75817748e-03,9.71807496e-03,2.98151443e-03,1
2,153,5.96893921e-03,6.09665688e-03,2.20247048e-03,1
2,154,5.14536235e-03,4.32019835e-03,1.25629172e-03,1
2,155,1.72695641e-02,1.72769155e-02,2.40852650e-03,1
2,156,7.21028334e-03,8.08678882e-03,1.31152824e-03,1
2,157,3.39483994e-03,4.26152292e-03,1.06122110e-03,1
2,158,3.07764199e-03,2.83075169e-03,9.02130056e-04,1
2,159,1.75931750e-02,1.88250496e-02,1.09533151e-03,1
2,160,6.76505294e-03,7.57836789e-03,1.14921465e-03,1
2,161,3.82885999e-03,3.75111711e-03,1.05641737e-03,1
2,162,2.02701441e-03,2.38888133e-03,1.29191401e-03,1
2,163,8.21275590e-03,8.45834489e-03,1.56664800e-03,1
2,164,5.53574090e-03,3.44005472e-03,1.44978281e-03,1
2,165,1.36939749e-03,1.58064381e-03,1.53487197e-03,1
2,166,8.96613624e-03,8.90088819e-03,1.36115318e-03,1
2,167,5.36470757e-03,5.36047786e-03,1.39899103e-03,1
2,168,3.81997793e-03,3.59134655e-03,1.12817160e-03,1
2,169,7.87810651e-03,8.16240666e-03,1.27082201e-03,1
2,170,4.57611235e-03,3.97285514e-03,1.47799105e-03,1
2,171,1.91857153e-03,2.14531360e-03,1.12102128e-03,1
2,172,nan,nan,0.00000000e+00,0
2,173,-4.23509800e-02,1.86511704e-02,6.21619113e-02,1
2,174,1.12163459e-02,4.94672075e-03,8.87266455e-03,1
2,175,3.33785974e-03,4.35219440e-03,3.64512156e-03,1
2,176,-3.21994620e-03,1.46282517e-02,1.80839831e-02,1
2,177,9.05389730e-03,7.67919899e-03,3.95436250e-03,1
2,178,1.75081168e-03,5.01309259e-03,1.24244921e-03,1
2,179,2.73242650e-03,2.96378214e-03,1.08653598e-03,1
2,180,1.71884461e-02,1.51459666e-02,3.54761834e-03,1
2,181,6.19581085e-03,7.21607699e-03,1.59318969e-03,1
2,182,3.28492471e-03,3.87138842e-03,1.31188408e-03,1
2,183,2.00932102e-03,1.75114572e-03,1.18499822e-03,1
2,184,2.05956820e-02,2.00690638e-02,2.02646128e-03,1
2,185,7.68350273e-03,7.64483228e-03,1.96357827e-03,1
2,186,3.46215509e-03,2.81181315e-03,2.45826947e-03,1
2,187,4.18341967e-04,7.92134146e-04,1.53952433e-03,1
2,188,2.09196069e-02,1.87877653e-02,1.70515301e-03,1
2,189,1.01402422e-02,8.42333216e-03,1.19892670e-03,1
2,190,3.24315954e-03,3.98807916e-03,9.95166107e-04,1
2,191,2.51732320e-03,1.84503965e-03,9.73535219e-04,1
2,192,1.99644891e-02,1.95624742e-02,1.34273072e-03,1
2,193,7.87408209e-03,7.54019955e-03,1.24992025e-03,1
2,194,2.27792193e-03,3.08960723e-03,1.37968052e-03,1
2,195,3.11450156e-03,1.81249825e-03,1.30213980e-03,1
2,196,7.73630175e-03,7.57234333e-03,1.25763385e-03,1
2,197,3.35350789e-03,3.49790241e-03,1.56079916e-03,1
2,198,1.75834809e-03,1.21416574e-03,1.14908996e-03,1
2,199,2.00986316e-02,1.71049864e-02,3.39763901e-03,1
2,200,8.59113193e-03,8.35080048e-03,1.51926413e-03,1
2,201,2.94139993e-03,4.54642226e-03,1.51348157e-03,1
2,202,2.33018423e-03,2.61395682e-03,9.17733149e-04,1
2,203,1.93442410e-02,1.84497194e-02,1.73768821e-03,1
2,204,8.07652885e-03,8.04667436e-03,1.11920473e-03,1
2,205,3.37200142e-03,3.87938105e-03,1.14932952e-03,1
2,206,2.09797763e-03,1.99074204e-03,1.04661534e-03,1
2,207,1.98263732e-02,1.89366238e-02,2.54699111e-03,1
2,208,8.73352735e-03,7.83235440e-03,1.36456711e-03,1
2,209,2.79887703e-03,2.78237080e-03,1.65420230e-03,1
2,210,-6.97654322e-04,1.39701540e-03,1.71499868e-03,1
2,211,-8.89797655e-04,7.38554565e-03,5.79275969e-03,1
2,212,6.28470032e-03,4.71798913e-03,2.94854225e-03,1
2,213,8.70770291e-03,5.76300294e-03,2.70015974e-03,1
2,214,4.02081887e-03,3.81933130e-03,2.14837954e-03,1
2,215,5.31555328e-03,3.99752359e-03,1.09032042e-03,1
2,216,3.62372997e-03,3.65765317e-03,1.29974642e-03,1
2,217,1.12326093e-03,2.31317468e-03,2.46795566e-03,1
2,218,3.38297765e-03,2.54070091e-03,1.37216930e-03,1
2,219,2.49137687e-03,2.39026223e-03,1.25168576e-03,1
2,220,1.70769050e-03,2.51212611e-03,1.99372430e-03,1
2,221,1.15834490e-03,2.73214214e-03,3.34949425e-03,1
2,222,1.70805248e-03,2.56393034e-03,1.83569849e-03,1
2,223,2.50732097e-04,1.86724908e-03,1.21170458e-03,1
2,224,5.67175287e-03,4.93322365e-03,3.32681768e-03,1
2,225,5.55671154e-03,4.02594122e-03,1.79904776e-03,1
2,226,4.19721111e-03,2.81007873e-03,1.85090324e-03,1
2,227,2.34064340e-03,2.18537476e-03,1.32945399e-03,1
2,228,1.00761863e-03,1.67021097e-03,1.46261344e-03,1
2,229,2.86584321e-04,1.42037343e-03,1.27965565e-03,1
2,230,3.52177066e-03,6.54728149e-03,2.51454725e-03,1
2,231,4.44941149e-03,5.07804423e-03,1.06477019e-03,1
2,232,4.22005140e-03,3.67206854e-03,9.66759218e-04,1
2,233,3.01564168e-03,2.39760918e-03,1.25957156e-03,1
2,234,1.75950923e-03,1.72247341e-03,1.01775472e-03,1
2,235,6.13960939e-04,1.26951388e-03,1.15943407e-03,1
2,236,-2.63287012e-05,1.49959480e-03,2.47635373e-03,1
2,237,3.18920588e-03,2.77692949e-03,1.11323025e-03,1
2,238,2.74026802e-03,2.09396874e-03,1.14038723e-03,1
2,239,7.51791771e-04,1.34626201e-03,1.23474875e-03,1
2,240,3.84197121e-03,9.84440121e-03,8.90310605e-03,1
2,241,3.35416406e-03,4.65904011e-03,1.53328456e-03,1
2,242,3.00032466e-03,3.62228748e-03,1.31443999e-03,1
2,243,2.16472554e-03,3.30256844e-03,1.01239031e-03,1
2,244,2.15810655e-03,2.29757830e-03,1.06379979e-03,1
2,245,7.82410532e-04,9.88827156e-04,1.11316383e-03,1
2,246,4.73718041e-03,4.31391464e-03,2.92688388e-03,1
2,247,1.47232128e-03,1.74690758e-03,2.66450523e-03,1
2,248,-1.43372317e-03,1.35615708e-03,1.56927342e-03,1
2,249,3.33814732e-03,3.78653227e-03,1.49351247e-03,1
2,250,1.20118802e-03,1.78566740e-03,1.04449561e-03,1
2,251,-5.27241556e-06,8.08752251e-04,7.59696449e-04,1
2,252,2.48976074e-03,2.79600097e-03,1.59286849e-03,1
2,253,5.84291547e-04,9.33437209e-04,1.14522776e-03,1
2,254,1.04244196e-03,6.33084182e-04,1.13393297e-03,1
2,255,2.20323558e-03,1.46320148e-03,1.51143162e-03,1
2,256,8.22498915e-04,9.13718565e-04,1.51218032e-03,1
2,257,2.40667001e-03,4.28226842e-03,1.59993992e-03,1
2,258,5.66154412e-04,2.72912805e-03,1.28777171e-03,1
2,259,1.40872335e-03,1.28877384e-03,8.65853992e-04,1
2,260,4.67624790e-03,3.53138581e-03,1.29649973e-03,1
2,261,6.41034944e-04,1.69681363e-03,9.62229548e-04,1
2,262,7.18648778e-04,6.48830373e-04,9.04079973e-04,1
2,263,1.45592128e-03,2.76404477e-03,2.19943578e-03,1
2,264,2.14519580e-03,1.27536003e-03,1.03956473e-03,1
2,265,8.66628167e-04,1.36201161e-03,1.70306183e-03,1
2,266,-2.44907808e-03,1.82795279e-03,5.42054243e-03,1
2,267,-1.79418271e-03,1.23359807e-03,1.79902616e-03,1
2,268,-1.60334653e-03,5.05417450e-04,1.51877416e-03,1
2,269,-1.13614879e-03,1.59726631e-04,2.27505464e-03,1
2,270,-2.23482760e-03,8.12578967e-04,2.38887747e-03,1
2,271,9.61030664e-04,1.48958208e-03,2.00417320e-03,1
2,272,-2.37876573e-04,8.24868527e-04,1.32107965e-03,1
2,273,4.18995767e-05,3.05441269e-04,1.00631471e-03,1
2,274,2.13850031e-05,1.46907446e-04,1.90555950e-03,1
2,275,7.11690664e-06,2.29259946e-04,1.60725560e-03,1
2,276,-9.83780460e-04,5.62633467e-04,3.52477062e-03,1
