config,r12,r13,r14,r23,r24,r34
1,25.625,25.625,25.625,25.625,25.625,25.625
2,25.625,25.625,25.625,25.625,25.625,36.875
3,25.625,25.625,25.625,25.625,25.625,48.125
4,25.625,25.625,25.625,25.625,25.625,59.375
5,25.625,25.625,25.625,25.625,36.875,36.875
6,25.625,25.625,25.625,25.625,36.875,48.125
7,25.625,25.625,25.625,25.625,36.875,59.375
8,25.625,25.625,25.625,25.625,48.125,48.125
9,25.625,25.625,25.625,25.625,48.125,59.375
10,25.625,25.625,25.625,25.625,59.375,59.375
11,25.625,25.625,25.625,36.875,36.875,36.875
12,25.625,25.625,25.625,36.875,36.875,48.125
13,25.625,25.625,25.625,36.875,36.875,59.375
14,25.625,25.625,25.625,36.875,48.125,48.125
15,25.625,25.625,25.625,36.875,48.125,59.375
16,25.625,25.625,25.625,36.875,59.375,59.375
17,25.625,25.625,25.625,48.125,48.125,48.125
18,25.625,25.625,25.625,48.125,48.125,59.375
19,25.625,25.625,25.625,48.125,59.375,59.375
20,25.625,25.625,25.625,59.375,59.375,59.375
21,25.625,25.625,36.875,25.625,36.875,36.875
22,25.625,25.625,36.875,25.625,36.875,48.125
23,25.625,25.625,36.875,25.625,36.875,59.375
24,25.625,25.625,36.875,25.625,48.125,48.125
25,25.625,25.625,36.875,25.625,48.125,59.375
26,25.625,25.625,36.875,25.625,59.375,59.375
27,25.625,25.625,36.875,36.875,25.625,25.625
28,25.625,25.625,36.875,36.875,25.625,36.875
29,25.625,25.625,36.875,36.875,25.625,48.125
30,25.625,25.625,36.875,36.875,25.625,59.375
31,25.625,25.625,36.875,36.875,36.875,36.875
32,25.625,25.625,36.875,36.875,36.875,48.125
33,25.625,25.625,36.875,36.875,36.875,59.375
34,25.625,25.625,36.875,36.875,48.125,48.125
35,25.625,25.625,36.875,36.875,48.125,59.375
36,25.625,25.625,36.875,36.875,59.375,59.375
37,25.625,25.625,36.875,48.125,25.625,25.625
38,25.625,25.625,36.875,48.125,25.625,36.875
39,25.625,25.625,36.875,48.125,25.625,48.125
40,25.625,25.625,36.875,48.125,25.625,59.375
41,25.625,25.625,36.875,48.125,36.875,36.875
42,25.625,25.625,36.875,48.125,36.875,48.125
43,25.625,25.625,36.875,48.125,36.875,59.375
44,25.625,25.625,36.875,48.125,48.125,48.125
45,25.625,25.625,36.875,48.125,48.125,59.375
46,25.625,25.625,36.875,48.125,59.375,59.375
47,25.625,25.625,36.875,59.375,25.625,25.625
48,25.625,25.625,36.875,59.375,25.625,36.875
49,25.625,25.625,36.875,59.375,25.625,48.125
50,25.625,25.625,36.875,59.375,25.625,59.375
51,25.625,25.625,36.875,59.375,36.875,36.875
52,25.625,25.625,36.875,59.375,36.875,48.125
53,25.625,25.625,36.875,59.375,36.875,59.375
54,25.625,25.625,36.875,59.375,48.125,48.125
55,25.625,25.625,36.875,59.375,48.125,59.375
56,25.625,25.625,36.875,59.375,59.375,59.375
57,25.625,25.625,48.125,25.625,48.125,48.125
58,25.625,25.625,48.125,25.625,48.125,59.375
59,25.625,25.625,48.125,25.625,59.375,59.375
60,25.625,25.625,48.125,36.875,36.875,36.875
61,25.625,25.625,48.125,36.875,36.875,48.125
62,25.625,25.625,48.125,36.875,36.875,59.375
63,25.625,25.625,48.125,36.875,48.125,48.125
64,25.625,25.625,48.125,36.875,48.125,59.375
65,25.625,25.625,48.125,36.875,59.375,59.375
66,25.625,25.625,48.125,48.125,25.625,25.625
67,25.625,25.625,48.125,48.125,25.625,36.875
68,25.625,25.625,48.125,48.125,25.625,48.125
69,25.625,25.625,48.125,48.125,25.625,59.375
70,25.625,25.625,48.125,48.125,36.875,36.875
71,25.625,25.625,48.125,48.125,36.875,48.125
72,25.625,25.625,48.125,48.125,36.875,59.375
73,25.625,25.625,48.125,48.125,48.125,48.125
74,25.625,25.625,48.125,48.125,48.125,59.375
75,25.625,25.625,48.125,48.125,59.375,59.375
76,25.625,25.625,48.125,59.375,25.625,25.625
77,25.625,25.625,48.125,59.375,25.625,36.875
78,25.625,25.625,48.125,59.375,25.625,48.125
79,25.625,25.625,48.125,59.375,25.625,59.375
80,25.625,25.625,48.125,59.375,36.875,36.875
81,25.625,25.625,48.125,59.375,36.875,48.125
82,25.625,25.625,48.125,59.375,36.875,59.375
83,25.625,25.625,48.125,59.375,48.125,48.125
84,25.625,25.625,48.125,59.375,48.125,59.375
85,25.625,25.625,48.125,59.375,59.375,59.375
86,25.625,25.625,59.375,25.625,59.375,59.375
87,25.625,25.625,59.375,36.875,36.875,36.875
88,25.625,25.625,59.375,36.875,36.875,48.125
89,25.625,25.625,59.375,36.875,36.875,59.375
90,25.625,25.625,59.375,36.875,48.125,48.125
91,25.625,25.625,59.375,36.875,48.125,59.375
92,25.625,25.625,59.375,36.875,59.375,59.375
93,25.625,25.625,59.375,48.125,36.875,36.875
94,25.625,25.625,59.375,48.125,36.875,48.125
95,25.625,25.625,59.375,48.125,36.875,59.375
96,25.625,25.625,59.375,48.125,48.125,48.125
97,25.625,25.625,59.375,48.125,48.125,59.375
98,25.625,25.625,59.375,48.125,59.375,59.375
99,25.625,25.625,59.375,59.375,25.625,25.625
100,25.625,25.625,59.375,59.375,25.625,36.875
101,25.625,25.625,59.375,59.375,25.625,48.125
102,25.625,25.625,59.375,59.375,25.625,59.375
103,25.625,25.625,59.375,59.375,36.875,36.875
104,25.625,25.625,59.375,59.375,36.875,48.125
105,25.625,25.625,59.375,59.375,36.875,59.375
106,25.625,25.625,59.375,59.375,48.125,48.125
107,25.625,25.625,59.375,59.375,48.125,59.375
108,25.625,25.625,59.375,59.375,59.375,59.375
109,25.625,36.875,36.875,36.875,36.875,25.625
110,25.625,36.875,36.875,36.875,36.875,36.875
111,25.625,36.875,36.875,36.875,36.875,48.125
112,25.625,36.875,36.875,36.875,36.875,59.375
113,25.625,36.875,36.875,36.875,48.125,25.625
114,25.625,36.875,36.875,36.875,48.125,36.875
115,25.625,36.875,36.875,36.875,48.125,48.125
116,25.625,36.875,36.875,36.875,48.125,59.375
117,25.625,36.875,36.875,36.875,59.375,25.625
118,25.625,36.875,36.875,36.875,59.375,36.875
119,25.625,36.875,36.875,36.875,59.375,48.125
120,25.625,36.875,36.875,36.875,59.375,59.375
121,25.625,36.875,36.875,48.125,48.125,25.625
122,25.625,36.875,36.875,48.125,48.125,36.875
123,25.625,36.875,36.875,48.125,48.125,48.125
124,25.625,36.875,36.875,48.125,48.125,59.375
125,25.625,36.875,36.875,48.125,59.375,25.625
126,25.625,36.875,36.875,48.125,59.375,36.875
127,25.625,36.875,36.875,48.125,59.375,48.125
128,25.625,36.875,36.875,48.125,59.375,59.375
129,25.625,36.875,36.875,59.375,59.375,25.625
130,25.625,36.875,36.875,59.375,59.375,36.875
131,25.625,36.875,36.875,59.375,59.375,48.125
132,25.625,36.875,36.875,59.375,59.375,59.375
133,25.625,36.875,48.125,36.875,48.125,36.875
134,25.625,36.875,48.125,36.875,48.125,48.125
135,25.625,36.875,48.125,36.875,48.125,59.375
136,25.625,36.875,48.125,36.875,59.375,36.875
137,25.625,36.875,48.125,36.875,59.375,48.125
138,25.625,36.875,48.125,36.875,59.375,59.375
139,25.625,36.875,48.125,48.125,36.875,25.625
140,25.625,36.875,48.125,48.125,36.875,36.875
141,25.625,36.875,48.125,48.125,36.875,48.125
142,25.625,36.875,48.125,48.125,36.875,59.375
143,25.625,36.875,48.125,48.125,48.125,25.625
144,25.625,36.875,48.125,48.125,48.125,36.875
145,25.625,36.875,48.125,48.125,48.125,48.125
146,25.625,36.875,48.125,48.125,48.125,59.375
147,25.625,36.875,48.125,48.125,59.375,25.625
148,25.625,36.875,48.125,48.125,59.375,36.875
149,25.625,36.875,48.125,48.125,59.375,48.125
150,25.625,36.875,48.125,48.125,59.375,59.375
151,25.625,36.875,48.125,59.375,36.875,25.625
152,25.625,36.875,48.125,59.375,36.875,36.875
153,25.625,36.875,48.125,59.375,36.875,48.125
154,25.625,36.875,48.125,59.375,36.875,59.375
155,25.625,36.875,48.125,59.375,48.125,25.625
156,25.625,36.875,48.125,59.375,48.125,36.875
157,25.625,36.875,48.125,59.375,48.125,48.125
158,25.625,36.875,48.125,59.375,48.125,59.375
159,25.625,36.875,48.125,59.375,59.375,25.625
160,25.625,36.875,48.125,59.375,59.375,36.875
161,25.625,36.875,48.125,59.375,59.375,48.125
162,25.625,36.875,48.125,59.375,59.375,59.375
163,25.625,36.875,59.375,36.875,59.375,36.875
164,25.625,36.875,59.375,36.875,59.375,48.125
165,25.625,36.875,59.375,36.875,59.375,59.375
166,25.625,36.875,59.375,48.125,48.125,36.875
167,25.625,36.875,59.375,48.125,48.125,48.125
168,25.625,36.875,59.375,48.125,48.125,59.375
169,25.625,36.875,59.375,48.125,59.375,36.875
170,25.625,36.875,59.375,48.125,59.375,48.125
171,25.625,36.875,59.375,48.125,59.375,59.375
172,25.625,36.875,59.375,59.375,36.875,25.625
173,25.625,36.875,59.375,59.375,36.875,36.875
174,25.625,36.875,59.375,59.375,36.875,48.125
175,25.625,36.875,59.375,59.375,36.875,59.375
176,25.625,36.875,59.375,59.375,48.125,25.625
177,25.625,36.875,59.375,59.375,48.125,36.875
178,25.625,36.875,59.375,59.375,48.125,48.125
179,25.625,36.875,59.375,59.375,48.125,59.375
180,25.625,36.875,59.375,59.375,59.375,25.625
181,25.625,36.875,59.375,59.375,59.375,36.875
182,25.625,36.875,59.375,59.375,59.375,48.125
183,25.625,36.875,59.375,59.375,59.375,59.375
184,25.625,48.125,48.125,48.125,48.125,25.625
185,25.625,48.125,48.125,48.125,48.125,36.875
186,25.625,48.125,48.125,48.125,48.125,48.125
187,25.625,48.125,48.125,48.125,48.125,59.375
188,25.625,48.125,48.125,48.125,59.375,25.625
189,25.625,48.125,48.125,48.125,59.375,36.875
190,25.625,48.125,48.125,48.125,59.375,48.125
191,25.625,48.125,48.125,48.125,59.375,59.375
192,25.625,48.125,48.125,59.375,59.375,25.625
193,25.625,48.125,48.125,59.375,59.375,36.875
194,25.625,48.125,48.125,59.375,59.375,48.125
195,25.625,48.125,48.125,59.375,59.375,59.375
196,25.625,48.125,59.375,48.125,59.375,36.875
197,25.625,48.125,59.375,48.125,59.375,48.125
198,25.625,48.125,59.375,48.125,59.375,59.375
199,25.625,48.125,59.375,59.375,48.125,25.625
200,25.625,48.125,59.375,59.375,48.125,36.875
201,25.625,48.125,59.375,59.375,48.125,48.125
202,25.625,48.125,59.375,59.375,48.125,59.375
203,25.625,48.125,59.375,59.375,59.375,25.625
204,25.625,48.125,59.375,59.375,59.375,36.875
205,25.625,48.125,59.375,59.375,59.375,48.125
206,25.625,48.125,59.375,59.375,59.375,59.375
207,25.625,59.375,59.375,59.375,59.375,25.625
208,25.625,59.375,59.375,59.375,59.375,36.875
209,25.625,59.375,59.375,59.375,59.375,48.125
210,25.625,59.375,59.375,59.375,59.375,59.375
211,36.875,36.875,36.875,36.875,36.875,36.875
212,36.875,36.875,36.875,36.875,36.875,48.125
213,36.875,36.875,36.875,36.875,36.875,59.375
214,36.875,36.875,36.875,36.875,48.125,48.125
215,36.875,36.875,36.875,36.875,48.125,59.375
216,36.875,36.875,36.875,36.875,59.375,59.375
217,36.875,36.875,36.875,48.125,48.125,48.125
218,36.875,36.875,36.875,48.125,48.125,59.375
219,36.875,36.875,36.875,48.125,59.375,59.375
220,36.875,36.875,36.875,59.375,59.375,59.375
221,36.875,36.875,48.125,36.875,48.125,48.125
222,36.875,36.875,48.125,36.875,48.125,59.375
223,36.875,36.875,48.125,36.875,59.375,59.375
224,36.875,36.875,48.125,48.125,36.875,36.875
225,36.875,36.875,48.125,48.125,36.875,48.125
226,36.875,36.875,48.125,48.125,36.875,59.375
227,36.875,36.875,48.125,48.125,48.125,48.125
228,36.875,36.875,48.125,48.125,48.125,59.375
229,36.875,36.875,48.125,48.125,59.375,59.375
230,36.875,36.875,48.125,59.375,36.875,36.875
231,36.875,36.875,48.125,59.375,36.875,48.125
232,36.875,36.875,48.125,59.375,36.875,59.375
233,36.875,36.875,48.125,59.375,48.125,48.125
234,36.875,36.875,48.125,59.375,48.125,59.375
235,36.875,36.875,48.125,59.375,59.375,59.375
236,36.875,36.875,59.375,36.875,59.375,59.375
237,36.875,36.875,59.375,48.125,48.125,48.125
238,36.875,36.875,59.375,48.125,48.125,59.375
239,36.875,36.875,59.375,48.125,59.375,59.375
240,36.875,36.875,59.375,59.375,36.875,36.875
241,36.875,36.875,59.375,59.375,36.875,48.125
242,36.875,36.875,59.375,59.375,36.875,59.375
243,36.875,36.875,59.375,59.375,48.125,48.125
244,36.875,36.875,59.375,59.375,48.125,59.375
245,36.875,36.875,59.375,59.375,59.375,59.375
246,36.875,48.125,48.125,48.125,48.125,36.875
247,36.875,48.125,48.125,48.125,48.125,48.125
248,36.875,48.125,48.125,48.125,48.125,59.375
249,36.875,48.125,48.125,48.125,59.375,36.875
250,36.875,48.125,48.125,48.125,59.375,48.125
251,36.875,48.125,48.125,48.125,59.375,59.375
252,36.875,48.125,48.125,59.375,59.375,36.875
253,36.875,48.125,48.125,59.375,59.375,48.125
254,36.875,48.125,48.125,59.375,59.375,59.375
255,36.875,48.125,59.375,48.125,59.375,48.125
256,36.875,48.125,59.375,48.125,59.375,59.375
257,36.875,48.125,59.375,59.375,48.125,36.875
258,36.875,48.125,59.375,59.375,48.125,48.125
259,36.875,48.125,59.375,59.375,48.125,59.375
260,36.875,48.125,59.375,59.375,59.375,36.875
261,36.875,48.125,59.375,59.375,59.375,48.125
262,36.875,48.125,59.375,59.375,59.375,59.375
263,36.875,59.375,59.375,59.375,59.375,36.875
264,36.875,59.375,59.375,59.375,59.375,48.125
265,36.875,59.375,59.375,59.375,59.375,59.375
266,48.125,48.125,48.125,48.125,48.125,48.125
267,48.125,48.125,48.125,48.125,48.125,59.375
268,48.125,48.125,48.125,48.125,59.375,59.375
269,48.125,48.125,48.125,59.375,59.375,59.375
270,48.125,48.125,59.375,48.125,59.375,59.375
271,48.125,48.125,59.375,59.375,48.125,48.125
272,48.125,48.125,59.375,59.375,48.125,59.375
273,48.125,48.125,59.375,59.375,59.375,59.375
274,48.125,59.375,59.375,59.375,59.375,48.125
275,48.125,59.375,59.375,59.375,59.375,59.375
276,59.375,59.375,59.375,59.375,59.375,59.375
